origem_modelo,tecnica_prompt,conteudo_avaliar,verdict_GPT-OSS-120B,explanation_GPT-OSS-120B,keypoint_GPT-OSS-120B,verdict_Qwen-3-32B,explanation_Qwen-3-32B,keypoint_Qwen-3-32B,verdict_Kimi-K2,explanation_Kimi-K2,keypoint_Kimi-K2
SLM (TinyLlama),chain-of-thought,"Question: What happens if only 20% of people use the internet?
0) No one can use anything
1) They can read a news article
2) They can watch a movie
3) They can create a business
4) They can play games
Correct Answer: 1
Explanation: With only 20% users, these 4 options are limited.",NO_VERDICT,,,NO_VERDICT,,,BAD,"The stem is vague and the options are arbitrary; any listed activity is technically possible regardless of user percentage, so the key does not follow from the stem.","Ambiguous premise, invalid key"
SLM (TinyLlama),template-based,"Question: What is the main reason why some individuals do not have access to digital resources at home?
0) Lack of Internet connection
1) Lack of technology
2) Limited time
3) Inability to pay for services
4) Poor internet connectivity
Correct Answer: 2
Explanation: Digital divide refers to the disparity in access to technology, which affects individuals and communities in low-income areas.",NO_VERDICT,,,NO_VERDICT,,,BAD,"The correct answer is misaligned with the question; “Limited time” is not the primary barrier to home access, and options 0, 1, 3, 4 overlap without clear distinction.",Wrong key; vague options
SLM (TinyLlama),few-shot,"Question: Why is asymmetric encryption better for online security?
0) It uses only the sender's public key
1) It uses both the sender's public and private key
2) It uses only the sender's password
3) It uses only the receiver's email
4) It uses just the receiver's email
Correct Answer: 2
Explanation: Asymmetric encryption uses the sender's public key to encrypt the message and the receiver's private key to decrypt it.",NO_VERDICT,,,NO_VERDICT,,,BAD,,Wrong answer; muddled concepts
SLM (TinyLlama),chain-of-thought,"Question: What happens if the password is shared between both users?
0) Two strong accounts
1) Strong passwords only
2) Poor privacy settings
3) No risk
4) Same strong password
Correct Answer: 2
Explanation: Sharing a weak password can compromise both accounts.",NO_VERDICT,,,NO_VERDICT,,,BAD,The correct answer is mismatched; sharing a password does not equate to “poor privacy settings.” The distractors are vague and the question conflates distinct security concepts.,Misaligned answer; vague options
SLM (TinyLlama),few-shot,"Question: What is the purpose of a node in a graph?
0) To represent a single point
1) To indicate the direction of a line
2) To represent a set of tasks
3) To identify the highest point
4) To represent a weighted relationship
Correct Answer: 1
Explanation: Nodes represent the beginning or end of a path, while edges represent the weight of the connection.",NO_VERDICT,,,NO_VERDICT,,,BAD,"The correct answer is mislabeled; option 0 is the accurate definition, while option 1 describes an edge/arrow, not a node.",Wrong key; mislabels node
SLM (TinyLlama),template-based,"Question: Which method is used to ensure packet delivery in a multicast network?
Option: A. To avoid packet loss, multicast transmissions use small packets with no header.
Correct Answer: B. To improve reliability, each multicast packet has a unique address.
Explanation: Multicast transmissions use small packets with no header to reduce packet loss while ensuring reliability.
Example: [..]
H. Multicast is used in [..]
",NO_VERDICT,,,NO_VERDICT,,,BAD,"The correct option is not the only technically accurate one, and the stem mixes “method” with addressing. It also omits real reliability mechanisms like ACK/NAK or FEC.",Wrong reliability concept
SLM (TinyLlama),template-based,"Question: How can key generation prevent data sharing?
0) By encrypting the key
1) By using public key cryptography
2) By removing the key
3) By sharing the algorithm
4) By using a hashing method
Correct Answer: 2
Explanation: Public key cryptography allows to share the key while encrypting the data.",BAD,,,NO_VERDICT,,,BAD,The question is vague and technically incorrect; removing a key does not “prevent data sharing” but breaks decryption. The distractors are confusing and the correct answer contradicts basic cryptography principles.,"Unclear, wrong concept"
SLM (TinyLlama),few-shot,"Question: Why is digital literacy important for digital citizenship?
0) It only helps schools
1) It only helps online safety
2) It only supports creativity
3) It only helps with homework
4) It only helps with technology
Correct Answer: 1
Explanation: Digital literacy teaches skills such as identifying fake news, responsible use of technology, and privacy protection.",NO_VERDICT,,,NO_VERDICT,,,BAD,"All distractors use the restrictive “only,” making the item trivial; digital literacy is broader than just online safety.",Restrictive wording; trivial options
SLM (TinyLlama),template-based,"Question: [..]
Option: A
Explanation: Impossible situations may create unintended consequences.
Correct: [..]
Explanation: AI must be subject to human control and respect for basic rights.
Explanation: AI can learn from experience and reason logically, but it is not intelligent.
Correct: [..]
Explanation: AI must be accountable to humans and transparently designed.
Explanation: AI can have biased results or be used for malicious purposes.
Correct: [..]
Explanation: AI must be designed to learn and improve and be subject to regulation.",NO_VERDICT,,,NO_VERDICT,,,BAD,"The stem is missing and the options/explanations are jumbled, making the item unreadable and unanswerable.",No clear question
SLM (TinyLlama),zero-shot,"9. Which online misinformation is most likely to spread among young people?
a) Rumors
b) Video games
c) Messages from friends
d) Educational content
Correct Answer: C
Explanation: Rumors are often repeated quickly, but video games and educational content can help prevent spreading misinformation.",NO_VERDICT,,,NO_VERDICT,,,BAD,"The stem is vague and the options overlap; “Messages from friends” is not inherently misinformation, and the provided explanation contradicts the key.","Ambiguous options, flawed rationale"
SLM (TinyLlama),template-based,"Question: Which malware is most frequently used for phishing attacks?
Option: A
Explanation: Phishing scams often use malware to install malicious software on victims’ computers.
Correct Answer: A
Explanation: The EvilTwin malware is a software program that can replicate itself and infect multiple computers simultaneously.
Explanation: Many malicious websites use JavaScript to inject malicious code into a victim’s browser, making it difficult to detect.
Correct Answer: B
Explanation: The Mimikatz malware is a password stealing tool that can steal sensitive information from a computer without the user’s knowledge.
Explanation: Malware that targets mobile devices is on the rise, as many people use their phones for work and personal activities.
Correct Answer: C
Explanation: The Kaspersky malware is a powerful spyware that can record and intercept sensitive data from a victim’s computer.
",BAD,"The item lacks answer choices and does not specify which malware is being referenced, making it impossible to assess correctness. It also provides no substantive content",,NO_VERDICT,,,BAD,The stem lacks the actual options and the “Explanation” repeats the stem without clarifying why A is correct.,Missing options; vague explanation
SLM (TinyLlama),chain-of-thought,"Question: Why is recursion used in algorithms?
0) It's a shortcut
1) It applies to recursive functions
2) It provides a recursive approach
3) It's a programming error
4) It's a type of loop
Correct Answer: 1
Explanation: Recursive functions apply to recursive functions, so recursion is used to reduce the number of steps.",NO_VERDICT,,,NO_VERDICT,,,BAD,The stem is vague and the options are circular or nonsensical; option 1 merely restates “recursive” without explaining why recursion is useful.,"Vague stem, circular options"
SLM (TinyLlama),chain-of-thought,"Question: What happens if a node is removed from a Graph?
0) The Graph becomes empty
1) The number of edges increases
2) The Graph becomes unbalanced
3) The Graph becomes a tree
4) The Graph becomes acyclic
Correct Answer: 2
Explanation: Removing a node from a graph causes the number of edges to increase, making it unbalanced.",NO_VERDICT,,,NO_VERDICT,,,BAD,"The correct answer is not necessarily 2; removing a node can leave the graph balanced, and none of the options are universally true. The question lacks context and promotes a misconception.",Ambiguous options
SLM (TinyLlama),zero-shot,"Question: What is the main benefit of the European Union's General Data Protection Regulation (GDPR)?
0) It is a security risk
1) It is a technical requirement
2) It is only for small businesses
3) It only applies to public services
4) It is only for large companies
Correct Answer: 1
Explanation: The main benefit of GDPR is that it aims to increase transparency and control over the collection, storage, and use of personal data.",NO_VERDICT,,,NO_VERDICT,,,BAD,"The correct answer is mislabeled; GDPR’s main benefit is protecting personal data and privacy, not being a “technical requirement.” All distractors are negative or restrictive, and none align with the actual benefit.","Misaligned answer, poor distractors"
SLM (TinyLlama),template-based,"Question: [..]
Options: B-D
Correct: [..]
Explanation: [..]
Reason: Recursion is a type of algorithm where the same process is used to solve a problem recursively.",NO_VERDICT,,,NO_VERDICT,,,BAD,"The stem is missing, options are incomplete, and the explanation is circular.","Missing stem, circular definition"
SLM (TinyLlama),zero-shot,"Question: Which information is required by law for a company to comply with LGPD?
0) User’s data
1) User’s consent
2) User’s gender
3) User’s age
4) User’s location
Correct Answer: 2
Explanation: LGPD requires companies to collect and store users’ data, including gender and age.",BAD,,,NO_VERDICT,,,BAD,"The correct answer is wrong; LGPD mandates consent (1), not gender. The question misrepresents legal requirements.",Wrong correct answer
SLM (TinyLlama),zero-shot,9th-grade MCQ about digital security. Use hexadecimal numbers.,NO_VERDICT,,,NO_VERDICT,,,BAD,"No question stem or answer choices are provided, so the item cannot assess anything.",Missing question body
SLM (TinyLlama),exemplar-guided,"Question: Online communication is like the “internet” in your home.
0) No stress
1) A simple tool
2) A life skill
3) A gaming mode
4) A marketing tool
Correct Answer: 2
Explanation: Digital divide refers to the difference in access to information based on socioeconomic status.",NO_VERDICT,,,NO_VERDICT,,,BAD,"The stem is vague and metaphorical, mixing “online communication” with “internet in your home,” while the options are disjointed concepts, not a coherent set of choices.","Ambiguous stem, incoherent options"
SLM (TinyLlama),zero-shot,"Question: Why is it important to consider both the weight of edges and the order of nodes in a graph?
0) To reduce calculation time
1) To avoid duplicates
2) To improve performance
3) To simplify algorithms
4) To avoid cyclic graphs
Correct Answer: 2
Explanation: Weighted graphs consider both the weight of edges and the order of nodes, improving performance and reducing calculation time.",NO_VERDICT,,,NO_VERDICT,,,BAD,"The question is vague; “weight” and “order” are undefined, and none of the options clearly link to standard graph concepts. The correct answer is unjustified.","Ambiguous terms, unclear options"
SLM (TinyLlama),template-based,"Question: Which issue is most commonly faced by low-income students in schools that use low-cost digital devices?
0) Lack of internet access
1) Small storage capacity
2) Poor software support
3) Inability to participate in online discussions
4) Limited access to educational resources
Correct Answer: 1
Explanation: Low-cost digital devices are often equipped with small storage capacity, which limits the users' ability to access and use online content.",NO_VERDICT,,,NO_VERDICT,,,BAD,The keyed answer “small storage capacity” is not the most common issue; lack of internet access (0) is far more critical for low-income students.,Wrong key prioritization
SLM (TinyLlama),zero-shot,"Question: What is a state machine in digital systems?
0) A program that executes instructions
1) A digital signal that changes state based on input
2) A user interface that responds to commands
3) A software program that updates variables
4) A database where records are stored
Correct Answer: 1
Explanation: State machines are digital systems that use switching or transitioning between different states to perform tasks.",NO_VERDICT,,,NO_VERDICT,,,BAD,"The correct option describes a signal, not the formal concept of a state machine. The distractors are vague and none present the idea of states, transitions, or memory.",Misdefines state machine
SLM (TinyLlama),exemplar-guided,"Question: How does a weighted graph represent a complex problem?
0) It is a 2D graph
1) It is a game
2) It is a list of people
3) It is a matrix
4) It is a system
Correct Answer: 1
Explanation: Weighted graphs represent a complex problem by assigning weights to vertices.",BAD,,,NO_VERDICT,,,BAD,"The correct answer is mislabeled as option 1, contradicting the accepted representation of weighted graphs via adjacency matrices (option 3). This misleads students about fundamental graph data structures.",Wrong key; matrix correct
SLM (TinyLlama),few-shot,"Question: What is the primary purpose of a weighted graph?
0) To determine the shortest route
1) To support the implementation of a priority queue
2) To simulate the behavior of a network
3) To create a system for managing time
4) To model the behavior of a fluid system
Correct Answer: 2
Explanation: Weighted graphs are used to simulate the behavior of networks and can be used to model the behavior of a fluid system.",NO_VERDICT,,,NO_VERDICT,,,BAD,"The correct answer should be 0 (shortest route), not 2. Weighted graphs are primarily used for shortest-path problems, not general network simulation.","Wrong key, misleading option"
SLM (TinyLlama),template-based,"Question: When a function returns a value, it usually does so using [..] as the base. Why is this common?
Options: A-C
Correct: [..]
Explanation: [..]
Examples: recursion is used in [..]",NO_VERDICT,,,NO_VERDICT,,,BAD,"The stem is garbled, options and explanation placeholders are missing, and the recursion example is irrelevant to the return concept.","Incomplete, garbled, off-topic"
SLM (TinyLlama),exemplar-guided,"Question: Which state machine is used to identify a computer's state?
0) Timer
1) Processor
2) User input
3) Process stack
4) Keyboard
Correct Answer: 2
Explanation: The state machine in a computer is used to control the actions of the CPU.",BAD,,,NO_VERDICT,,,BAD,"The question is vague and technically incorrect; user input is not a state machine, and none of the options properly describe a state machine used to identify a computer's state.","Misleading options, wrong concept"
SLM (TinyLlama),template-based,"Question: Why is malware often hidden in an innocent-looking program?
Option: [..]
Correct: [..]
Explanation: It may be difficult to spot without suspicion.
Explanation: It may be difficult to spot without suspicion.",NO_VERDICT,,,NO_VERDICT,,,BAD,The stem is duplicated and the “Explanation” repeats the obvious without clarifying social-engineering tactics.,Repetitive vague stem
SLM (TinyLlama),template-based,"Question: Why is recursive programming useful?
0) To solve simple problems
1) To avoid loops
2) To optimize algorithms
3) To store data
4) To simulate games
Correct Answer: 2
Explanation: Recursive algorithms are used to solve complex problems by breaking them down into smaller subproblems.",NO_VERDICT,,,NO_VERDICT,,,BAD,Recursion is not inherently an optimization technique; it can even be less efficient. The correct answer misrepresents the concept.,Misleading efficiency claim
SLM (TinyLlama),chain-of-thought,"Question: What is a key advantage of Asymmetric Encryption?
0) It can be solved with a single password
1) It is harder to crack than symmetric encryption
2) It supports multiple login methods
3) It is less secure than public key systems
4) It can be used to encrypt data even if the key is known
Correct Answer: 2
Explanation: Asymmetric encryption uses two keys, one for decryption and the other for encryption, which makes it more difficult to crack.",BAD,The listed,,NO_VERDICT,,,BAD,,Wrong answer; concept mismatch
SLM (TinyLlama),exemplar-guided,"Question: Why is it important to reduce digital divide?
0) It reduces creativity
1) It increases the cost of services
2) It reduces access to education
3) It improves privacy
4) It reduces entertainment
Correct Answer: 2
Explanation: Digital divide creates inequality in access to education and services.",NO_VERDICT,,,NO_VERDICT,,,BAD,"The stem asks for a positive reason, but the keyed option states a negative consequence, creating confusion.",Misaligned stem-option logic
SLM (TinyLlama),chain-of-thought,"Question: What is the purpose of the ‘right to be forgotten’ in LGPD?
0) To delete data
1) To give access to it
2) To be anonymous
3) To hide content
4) To hide data
Correct Answer: 1
Explanation: The ‘right to be forgotten’ allows individuals to request that data be removed from public platforms.",NO_VERDICT,,,NO_VERDICT,,,BAD,"The correct answer is mislabeled; the right to be forgotten is about deleting personal data, not giving access. The options are vague and the key is mismatched.",Wrong key; vague options
SLM (TinyLlama),zero-shot,"Question: What is the role of AI in online safety?
0) It improves safety
1) It creates dangers
2) It only protects vulnerable users
3) It avoids scams
4) It improves accuracy
Correct Answer: 1
Explanation: AI can be used to detect, prevent, and mitigate scams.",NO_VERDICT,,,NO_VERDICT,,,BAD,"The correct answer is misaligned with the question; AI is widely used to enhance online safety, not primarily to create dangers. The options are vague and the key is incorrect.","Wrong key, vague options"
SLM (TinyLlama),chain-of-thought,"Question: Why use asymmetric encryption?
0) To share files
1) To use with one device only
2) To store passwords
3) To hide from the government
4) To share internet speed
Correct Answer: 2
Explanation: It protects data from viewing by only one device or using a single key.",BAD,"The correct purpose of asymmetric encryption is secure key exchange and digital signatures,",,NO_VERDICT,,,BAD,"The correct answer is wrong; asymmetric encryption is for secure key exchange, not password storage. The distractors are vague and the question misleads on core concept.",Wrong answer key
SLM (TinyLlama),zero-shot,"Question: Which malware technique increases attack speed?
0) Using slow CPU
1) Adding fake scans
2) Using slow files
3) Avoiding detection
4) Slowly downloading programs
Correct Answer: 2
Explanation: Malware that uses slow scanning helps increase attack speed.",NO_VERDICT,,,NO_VERDICT,,,BAD,"The options are nonsensical; “using slow files” does not accelerate malware, and the correct answer is factually wrong.",Conceptually flawed options
SLM (TinyLlama),exemplar-guided,"Question: What is a key property of weighted graphs?
0) No edges
1) No vertices with negative weights
2) Fixed minimum number of vertices
3) Fixed maximum number of edges
4) No cycles
Correct Answer: 2
Explanation: Weighted graphs can be created with fixed minimum and maximum number of vertices/edges.",NO_VERDICT,,,NO_VERDICT,,,BAD,The correct answer listed (2) is factually wrong; weighted graphs have no fixed minimum vertex count. The question also ignores the core idea that edges carry numeric weights.,Wrong key concept
SLM (TinyLlama),template-based,"Question: Which digital skills are essential for better access to education?
0) [..]
1) [..]
2) [..]
3) [..]
4) [..]
Correct Answer: [..]
Explanation: Digital skills such as reading, writing, and online communication are essential for equal access to education.",NO_VERDICT,,,NO_VERDICT,,,BAD,"The stem is vague and the options are missing, so the item cannot be evaluated for content validity or discrimination.",Incomplete item stem
SLM (TinyLlama),chain-of-thought,"Question: What can happen if a school has a low-quality internet connection?
0) All classes will be online
1) Students will be unable to attend classes
2) Teachers will have to use old methods
3) Students will have to wait for lessons
4) The school will be able to provide all classes
Correct Answer: 2
Explanation: Teachers use old methods when the school does not have a high-quality internet connection.",NO_VERDICT,,,NO_VERDICT,,,BAD,"The correct answer is debatable; low bandwidth doesn’t force teachers to revert to “old methods,” and option 2 is not clearly the only consequence.",Ambiguous answer choices
SLM (TinyLlama),exemplar-guided,"Question: What is the biggest challenge of digital divide?
0) No internet
1) Lack of access to devices
2) Lack of understanding of digital skills
3) Lack of online protection
4) Lack of social media
Correct Answer: 2
Explanation: Digital divide is the gap in internet access between high-income and low-income communities.",NO_VERDICT,,,NO_VERDICT,,,BAD,The stem is vague and the options overlap; “biggest challenge” is subjective and not aligned with BNCC’s emphasis on access and inclusion.,"Vague stem, overlapping options"
SLM (TinyLlama),zero-shot,"Question: Which personal data should you consider hiding in the personal data section of your privacy policy?
0) Home address
1) Marriage status
2) Family size
3) Favorite color
4) Medical history
Correct Answer: 2
Explanation: Marriage status is personal data and should be hidden in the personal data section.",NO_VERDICT,,,NO_VERDICT,,,BAD,"The correct answer is wrongly keyed; all listed items except “favorite color” are sensitive personal data that should be protected. The question also confuses “hiding” with “protecting,” undermining clarity.","Wrong key, vague wording"
SLM (TinyLlama),exemplar-guided,"Question: What is the main goal of creating AI with human-like values?
0) To deceive the public
1) To protect personal data
2) To improve mental health
3) To improve businesses
4) To enhance creativity
Correct Answer: 2
Explanation: AI with human-like values is designed to improve people's lives, including mental health.",NO_VERDICT,,,NO_VERDICT,,,BAD,The question is vague and anthropomorphic; none of the options uniquely capture the ethical alignment goal in AI. The “correct” answer is debatable and not grounded in clear 9th-grade BNCC concepts.,"Vague, debatable, off-curriculum"
SLM (TinyLlama),exemplar-guided,"Question: Which scenario involves the transfer of data from a server to a client?
0) Transfer of data from a client to a server
1) Transfer of data from a server to a client
2) Transfer of data from a client to a server
3) Transfer of data from a server to a client
4) Transfer of data from a client to a server
Correct Answer: 2
Explanation: Packet switching is used to transfer data between a server and a client, while data transfer is used to transfer data between a server and a client or between two clients.",NO_VERDICT,,,NO_VERDICT,,,BAD,Options are repetitive and poorly phrased; correct answer listed as “2” contradicts the actual right choice.,Repetitive options; wrong key.
SLM (TinyLlama),zero-shot,"9th-grade MCQ about Packet Switching, with 2 questions and correct option B.",NO_VERDICT,,,NO_VERDICT,,,BAD,"The prompt is incomplete; it lacks the actual questions and answer choices, so it cannot be evaluated for alignment, clarity, or correctness.",Missing content
SLM (TinyLlama),few-shot,"Question: What is a state in a computer program?
0) A command
1) A variable
2) A block of code
3) A color
4) An array
Correct Answer: 1
Explanation: States in a computer program are used to manage and control the behavior of the program.",NO_VERDICT,,,NO_VERDICT,,,BAD,"The term ""state"" is broader than just a variable; it encompasses all stored data at a given moment, so the single correct option is conceptually narrow.",Oversimplifies state concept
SLM (TinyLlama),template-based,"Question: [..]
Options: A-E
Correct: [..]
Explanation: [..] is a digital divide that affects schools and low-income households.",NO_VERDICT,,,NO_VERDICT,,,BAD,The stem is incomplete and the explanation leaks the answer.,Incomplete stem; answer revealed
SLM (TinyLlama),few-shot,"{""stem"": ""What is a node in a graph?"", ""options"": [""What is a vertex in a graph?"", ""What is a path in a graph?"", ""What is a cycle in a graph?"", ""What is a weight in a graph?"", ""What is a number in a program?""], ""correctOption"": ""Option 2"", ""explanation"": ""A vertex is a point in a graph, while a node is a unique place in the graph with a unique attribute (e.g., label or value).""}",BAD,"The answer choices are unrelated questions rather than definitions, and the",,NO_VERDICT,,,BAD,"The stem and options are mismatched; the correct option refers to “vertex,” not “node,” and the explanation contradicts itself.",Mismatched stem-options
SLM (TinyLlama),zero-shot,"Question: Which key is used for decryption?
0) Public key
1) Private key
2) Shared key
3) Master password
4) One-time password
Correct Answer: 2
Explanation: One-time passwords (OTPs) are used for decryption.",NO_VERDICT,,,NO_VERDICT,,,BAD,"The correct answer is wrong; decryption uses the private key, not the shared key. The question also conflates asymmetric and symmetric cryptography.",Wrong key; confusing concepts
SLM (TinyLlama),chain-of-thought,"Question: What is the primary purpose of a malware file called Scamware?
0) To spread false news
1) To steal passwords
2) To update software
3) To encrypt files
4) To perform system checks
Correct Answer: 2
Explanation: Scamware is used to mislead users into downloading and installing malware files.",NO_VERDICT,,,NO_VERDICT,,,BAD,"The term “Scamware” is non-standard and ambiguous; the distractors overlap with other malware types, confusing students.",Vague term; unclear distractors
SLM (TinyLlama),exemplar-guided,"Question: Why is LGPD required for privacy?
0) It increases data
1) It affects all data
2) It only affects big companies
3) It is optional
4) It only applies to apps
Correct Answer: 1
Explanation: LGPD requires clear and transparent disclosures about data processing and access.",NO_VERDICT,,,NO_VERDICT,,,BAD,The stem is vague and the options are ambiguous; “affects all data” is not a clear reason why LGPD is required for privacy.,"Vague stem, unclear options"
SLM (TinyLlama),few-shot,"Question: Why is weighted graphs important in computer science?
0) They simplify calculations
1) They help with visualization
2) They provide a way to connect devices
3) They improve battery life
4) They improve memory management
Correct Answer: 2
Explanation: Weighted graphs allow the creation of a computer's network structure and the connection of devices.",NO_VERDICT,,,NO_VERDICT,,,BAD,"The correct answer is factually wrong; weighted graphs model costs/distances, not device connection. The question also misuses “graphs” as “networks,” confusing concepts.","Wrong concept, misleading answer"
SLM (TinyLlama),exemplar-guided,"Question: Which machine is responsible for processing user requests?
0) A single CPU
1) A group of CPUs
2) A group of processors
3) A single memory bank
4) A single bus
Correct Answer: 2
Explanation: Processors in a Single-Chip Computer (SMC) are responsible for processing requests.",NO_VERDICT,,,NO_VERDICT,,,BAD,The term “group of processors” is vague; it conflates concepts and doesn’t clearly map to a specific machine or architecture.,Ambiguous terminology; unclear mapping
SLM (TinyLlama),few-shot,"Question: How does malware spread in an infected system?
0) By copying itself
1) By using a software update
2) By sharing files
3) By releasing ransomware
4) By installing adware
Correct Answer: 2
Explanation: Malware spreads by using software updates, temporary files, or by sharing files.",NO_VERDICT,,,NO_VERDICT,,,BAD,"The correct answer is wrong; malware primarily spreads by copying itself (0). Option 2 describes a transmission vector, not the infection mechanism.",Wrong key; concept muddled
SLM (TinyLlama),chain-of-thought,"Question: Why are digital skills important for online safety?
0) They are fun
1) They help with school work
2) They increase creativity
3) They reduce stress
4) They improve empathy
Correct Answer: 1
Explanation: Digital skills help with online safety, like identifying fake accounts or avoiding scams.",NO_VERDICT,,,NO_VERDICT,,,BAD,"The correct answer is weakly linked to online safety; none of the options directly address protection, privacy, or risk prevention.",Safety link missing
SLM (TinyLlama),few-shot,"Question: What should a website do to protect personal data in the EU?
0) Add a checkbox
1) Display a link to a legal agreement
2) Use two-factor authentication
3) Block all personal data
4) Share sensitive info with the government
Correct Answer: 2
Explanation: Two-factor authentication is a safety measure that requires more than just a password to access data.",NO_VERDICT,,,NO_VERDICT,,,BAD,"The correct answer should be 1 (GDPR privacy policy), not 2. Two-factor authentication protects accounts, not the site’s handling of personal data.",Wrong correct answer
SLM (TinyLlama),template-based,"Question: [..]
Options: A-C
Correct: [..]
Explanation: [..]",BAD,"The item lacks any actual question, options, correct answer, or explanation, making it impossible to assess its educational quality. Without content, it cannot meet BNCC standards.",No content provided.,NO_VERDICT,,,BAD,"The stem is missing, so the question cannot be evaluated for alignment, clarity, or grade-level adequacy.",Missing question stem
SLM (TinyLlama),few-shot,"Question: Which of the following is NOT a valid edge in a weighted graph?
0) A->B
B->A
C->D
A->C
B->D
Correct Answer: A
Explanation: An edge between a source node and a target node with a weight must exist in a weighted graph.",NO_VERDICT,,,NO_VERDICT,,,BAD,,"Ambiguous stem, missing weights"
SLM (TinyLlama),zero-shot,"Question: Why is weighted graphs useful for graph analysis?
0) They are slow
1) They allow for more complex graphs
2) They are easy to visualize
3) They are easy to interpret
4) They are only useful for binary trees
Correct Answer: 2
Explanation: Weighted graphs can be used to model complex graphs and are often used for graph visualization.",NO_VERDICT,,,NO_VERDICT,,,BAD,"The stem is vague and the keyed answer (2) is incorrect; weighted graphs are useful because edge weights carry meaningful data (cost, distance, time), not because they are “easy to visualize.”","Wrong key, vague stem"
SLM (TinyLlama),chain-of-thought,"Question: What is the base case of a recursive function?
0) 0
1) any integer
2) the input itself
3) another recursive function
4) the number of iterations
Correct Answer: 2
Explanation: The base case is the recursion itself.",NO_VERDICT,,,NO_VERDICT,,,BAD,"The base case is the condition that stops recursion, not “the input itself.” Correct option should describe a stopping condition, causing conceptual error.",Wrong concept; misleading options
SLM (TinyLlama),zero-shot,"Question: How do weighted graphs help solve network problems?
0) They don't exist
1) They improve pathfinding
2) They simplify calculations
3) They speed up algorithms
4) They limit connections
Correct Answer: 2
Explanation: Weighted graphs use a weighted matching algorithm to find the shortest path between two nodes.",NO_VERDICT,,,NO_VERDICT,,,BAD,"The correct answer should be 1, as weights are used to find optimal paths, not to simplify calculations.","Wrong key, misleading concept"
SLM (TinyLlama),exemplar-guided,"Question: Why is packet switching crucial in networks?
0) To send videos
1) To manage data
2) To avoid errors
3) To store information
4) To send stock quotes
Correct Answer: 1
Explanation: Packet switching helps to manage large volumes of data.",NO_VERDICT,,,NO_VERDICT,,,BAD,"The correct answer is vague; “manage data” does not clarify packet switching’s core role of fragmenting, routing, and reassembling data for efficient, resilient transmission.",Vague answer; lacks precision
SLM (TinyLlama),few-shot,"Exercise: 4th-grade MCQ.
Question: Which symbol is used to prevent message tampering?
0) *
1) &
2) #
3) =
4) @
Correct Answer: 2
Explanation: Hashing is a way to prevent message tampering.",NO_VERDICT,,,NO_VERDICT,,,BAD,The question is vague; “#” is not a standard symbol for preventing tampering. It confuses students about real cryptographic concepts.,"Vague, misleading, no context"
SLM (TinyLlama),exemplar-guided,"Question: What is the primary responsibility of AI systems in a democratic society?
0) To give advice to citizens
1) To follow the law
2) To learn from humans
3) To perform human jobs
4) To fix bugs
Correct Answer: 2
Explanation: AI systems are trained to learn and make decisions based on data, rather than humans.",NO_VERDICT,,,NO_VERDICT,,,BAD,"The keyed answer “2) To learn from humans” is not the primary civic responsibility; the question expects ethical/legal alignment, making the key wrong and the distractors weak.",Wrong key; vague options
SLM (TinyLlama),exemplar-guided,"Question: How do AI systems learn?
0) With a boss
1) By playing games
2) By writing code
3) By learning words
4) By watching TV
Correct Answer: 2
Explanation: AI systems must learn by trial and error to improve accuracy and efficiency.",BAD,The correct answer is not,,NO_VERDICT,,,BAD,"The correct answer is wrong; AI learns from data, not by “writing code.” The distractors are vague and the question oversimplifies machine learning.","Wrong key, oversimplified."
SLM (TinyLlama),exemplar-guided,"Question: What is a common behavior of fake news?
0) To be real
1) To avoid scams
2) To share without checking
3) To be banned
4) To be deleted
Correct Answer: 2
Explanation: Fake news is often shared without checking to see if it is real.",NO_VERDICT,,,NO_VERDICT,,,GOOD,"The item directly addresses BNCC’s digital citizenship goal by highlighting the typical unchecked sharing of fake news. The distractors are plausible yet clearly inferior, keeping the question concise and grade-appropriate.",Unchecked sharing behavior
SLM (TinyLlama),template-based,"Question: How does the distribution of malware change over time?
Option: A
Correct Answer: A
Explanation: As malware evolves and becomes more sophisticated, it spreads more quickly and to a wider variety of devices.
Explanation: As malware evolves and becomes more sophisticated, it spreads more quickly and to a wider variety of devices.
Explanation: As malware evolves and becomes more sophisticated, it spreads more quickly and to a wider variety of devices.
Correct Answer: A
Explanation: As malware evolves and becomes more sophisticated, it spreads more quickly and to a wider variety of devices.
Explanation: As malware evolves and becomes more sophisticated, it spreads more quickly and to a wider variety of devices.
Explanation: As malware evolves and becomes more sophisticated, it spreads more quickly and to a wider variety of devices.
Correct Answer: A
Explanation: As malware evolves and becomes more sophisticated, it spreads more quickly and to a wider variety of devices.",BAD,"The item provides no answer choices or substantive explanation, making it impossible to assess the correctness of option A. It fails to meet basic MCQ standards.","No options, no explanation.",NO_VERDICT,,,BAD,"The stem is incomplete, the option list is missing, and the provided “Option: A” gives no information.",Incomplete stem; no options
SLM (TinyLlama),few-shot,"Question: Which state machine is used in a two-state system?
0) Deadlock
1) Concurrent
2) Single
3) Parallel
4) Event-based
Correct Answer: 1
Explanation: State machine represents the order of state transitions.",NO_VERDICT,,,NO_VERDICT,,,BAD,"The term “two-state system” is ambiguous; none of the options clearly denote a two-state machine, and the correct answer is mislabeled.","Vague concept, wrong key."
SLM (TinyLlama),template-based,"Question: What is the key to making recursive algorithms faster?
0) Using a larger data structure
1) Adding a stack to the recursion
2) Using a recursive function
3) Using a different programming language
4) Using a different data structure
Correct Answer: 1
Explanation: Adding a stack is a common way to speed up recursion, as it allows for the storing and retrieval of the result of the recursive function.",NO_VERDICT,,,NO_VERDICT,,,BAD,"The correct answer is factually wrong; adding a stack does not intrinsically speed recursion and may mislead students. The question also ignores memoization, tail-call optimization, or iterative conversion, which are the real performance strategies.",Wrong answer; misleading concept
SLM (TinyLlama),exemplar-guided,"Question: Why is it important to consider AI ethics?
0) It slows down learning
1) It makes decisions faster
2) It improves decision making
3) It increases privacy
4) It reduces workload
Correct Answer: 2
Explanation: AI systems often make decisions based on previous data, which can affect people's privacy.",NO_VERDICT,,,NO_VERDICT,,,BAD,"The stem asks about ethics, but the options list performance benefits, none addressing fairness, bias, or societal impact.",Ethics misaligned with options
SLM (TinyLlama),few-shot,"{""stem"": ""What is the most important factor in solving online security problems?"", ""options"": [""The first step is to change your password."", ""The key to cybersecurity is the use of strong passwords."", ""The solution is to hide your identity online."", ""The key to protecting data is to encrypt it."", ""The answer is obvious""], ""correctOption"": ""The key to cybersecurity is the use of strong passwords."", ""explanation"": ""Strong passwords are crucial for securing online accounts, as they provide a strong barrier between the user and their sensitive data.""}",NO_VERDICT,,,NO_VERDICT,,,BAD,"The stem oversimplifies cybersecurity into a single “most important” factor, and the options mix actions with principles without context. Strong passwords alone are insufficient; the question misleads students about comprehensive security practices.",Oversimplifies cybersecurity
SLM (TinyLlama),exemplar-guided,"Question: Why should you consider using LGPD privacy rules?
0) To hide data
1) To save time
2) To avoid responsibility
3) To share data
4) To avoid laws
Correct Answer: 2
Explanation: LGPD is a law that applies privacy rules to personal data processing, so using it is compulsory.",NO_VERDICT,,,NO_VERDICT,,,BAD,"The correct answer promotes unethical behavior; LGPD aims to protect data, not evade responsibility.",Unethical answer choice
SLM (TinyLlama),chain-of-thought,"Question: Which scenario helps recognize AI’s limits?
0) AI identifies all jobs
1) It finds ways to improve tasks
2) It predicts the end of jobs
3) It creates new jobs
4) It simplifies the law
Correct Answer: 1
Explanation: AI can identify ways to improve jobs, but cannot create new occupations.",NO_VERDICT,,,NO_VERDICT,,,BAD,"The correct option does not address AI’s limits; it describes task improvement, which is unrelated to recognizing limitations.","Misaligned concept, vague options"
SLM (TinyLlama),few-shot,"Question: Which tool is commonly used to scan the network for unknown or malicious files?
0) Shell
1) Metasploit
2) Scapy
3) Pico
4) Baremetal
Correct Answer: 2
Explanation: Scapy is a protocol analyzer and scanner commonly used for network security testing.",NO_VERDICT,,,NO_VERDICT,,,BAD,"Scapy is a packet-crafting library, not a file scanner; none of the options fit the question.",Wrong tool choices
SLM (TinyLlama),template-based,"Question: Which technique is used in asymmetric encryption to ensure that only the key holder has access to the data?
0) Sharing passwords
1) Use of hardware devices
2) Use of public servers
3) Able to decrypt without key
4) Use of software
Correct Answer: 1
Explanation: Asymmetric encryption uses different keys to encrypt and decrypt data, making it harder to access without the corresponding key.",NO_VERDICT,,,NO_VERDICT,,,BAD,"The correct answer should be “use of a private key,” not “use of hardware devices.” The distractors are vague and the key concept is misrepresented.","Wrong concept, vague options"
SLM (TinyLlama),exemplar-guided,"Question: Which analysis highlights the advantages of using Weighted Graphs?
0) They are faster than Sparse Graphs
1) They allow simple edge removal
2) They are more efficient for large-scale applications
3) They are more scalable
4) They are easier to analyze
Correct Answer: 1
Explanation: Weighted Graphs allow for simple edge removal while maintaining the same structure of the original graph.",NO_VERDICT,,,NO_VERDICT,,,BAD,"The correct answer is factually wrong; weighted graphs are not defined by “simple edge removal.” The distractors are vague and the question ignores the actual purpose of edge weights (costs, distances).",Wrong key benefit
SLM (TinyLlama),zero-shot,"Question: Which scam targets individuals using public Wi-Fi?
0) Sharing passwords
1) Receiving suspicious emails
2) Installing ransomware
3) Accessing sensitive files
4) Checking bank accounts
Correct Answer: 2
Explanation: Ransomware is a type of malware that encrypts files on a device and demands payment to unlock them.",NO_VERDICT,,,NO_VERDICT,,,BAD,"The correct answer should relate to man-in-the-middle or evil-twin attacks, not ransomware. The options are vague and don’t align with public-Wi-Fi threats.","Misaligned threat, unclear options"
SLM (TinyLlama),zero-shot,"9th-grade MCQ about 2-FA. Stem: What is the key difference between 2-F and 1-F authentication? Options: Fixed, Flexible, and Single, Flexible and Single, Fixed and Single, and All-Flexible. Explanation: 2-F uses two separate methods for authentication, while 1-F only uses one.",NO_VERDICT,,,NO_VERDICT,,,BAD,"Options are vague and overlapping; “Fixed, Flexible, and Single” etc. do not clearly map to authentication factors. Correctness cannot be judged from these labels.",Ambiguous options
SLM (TinyLlama),few-shot,"Question: Why is creativity important for digital citizenship?
0) To avoid rules
1) To learn faster
2) To avoid boredom
3) To reduce stress
4) To reduce risk
Correct Answer: 1
Explanation: Creativity helps learners to think differently.",NO_VERDICT,,,NO_VERDICT,,,BAD,The correct answer is arbitrary and unrelated to digital citizenship; creativity’s role in responsible online participation is ignored.,"Misaligned concept, weak options"
SLM (TinyLlama),zero-shot,"Question: Which method is more likely to use large amounts of data?
0) Using AES-256
1) Using Blowfish-128
2) Using Triple DES-192
3) Using RC4
4) Using ChaCha20-128
Correct Answer: 2
Explanation: Triple DES is a faster and more secure method than RC4.",NO_VERDICT,,,NO_VERDICT,,,BAD,The question is vague; “large amounts of data” is undefined and none of the listed ciphers inherently consumes more data than another. The keyed answer (2) is arbitrary and unsupported.,Ambiguous criterion; arbitrary answer
SLM (TinyLlama),few-shot,"Question: What is a common method used by malware to trick users into sharing files?
0) Sharing on social media
1) Using fake pop-up messages
2) Asking for help
3) Showing a scary video
4) Posting a gif
Correct Answer: 2
Explanation: Fake pop-ups can mimic the look and feel of trustworthy messages to trick users into sharing files.",NO_VERDICT,,,NO_VERDICT,,,BAD,"The correct answer listed (2) is wrong; fake pop-ups are the classic malware trick, so the key is misaligned.",Wrong key; pop-ups
SLM (TinyLlama),zero-shot,"Question: Which of the following is NOT a result of a weighted graph?
0) A graph that represents a human preference
1) A graph that is useful for modeling the behavior of people
2) A graph that represents the distance between locations
3) A graph that is used for data analysis
4) A graph that represents the volume of objects
Correct Answer: 2
Explanation: Weighted graphs are used to model the behavior of people and can be used for many applications.",NO_VERDICT,,,NO_VERDICT,,,BAD,The correct answer contradicts the question; distance graphs are classic weighted graphs. The options are vague and the key concept is misrepresented.,"Wrong key, vague options"
SLM (TinyLlama),few-shot,"Experiment: Recursion with 9th-grade Questions
Question: What is the root of a recursive function?
0) The function itself
1) The base case
2) The recursion error
3) The argument
4) The base function
Correct Answer: 2
Explanation: Recursion is a method of solving problems by breaking them down into smaller, easier-to-solve subproblems.",BAD,"The correct answer is the base case, not a recursion",,NO_VERDICT,,,BAD,"The correct answer should be “1) The base case,” not option 2. Mislabeling the base case as a “recursion error” misleads students about recursion fundamentals.",Wrong correct answer
SLM (TinyLlama),few-shot,"Question: What is a weighted graph?
0) An unweighted graph
1) A graph where nodes have scores
2) A graph where edges have weights
3) A graph where nodes have colors
4) An algorithm that finds the shortest path
Correct Answer: 2
Explanation: Weighted graphs are a type of graph where nodes have scores or weights.",GOOD,"The question is clear, the correct option accurately defines a weighted",,NO_VERDICT,,,BAD,The stem lacks context and cognitive complexity for 9th-grade BNCC; it merely asks for a definition without application or analysis.,"No context, low complexity"
SLM (TinyLlama),exemplar-guided,"Question: Why is personal data important online?
0) It is free
1) It is public
2) It is protected
3) It is anonymous
4) It is ignored
Correct Answer: 2
Explanation: Personal data is used to create a personal online experience.",NO_VERDICT,,,NO_VERDICT,,,BAD,"The stem is vague and the options are simplistic; “protected” is not a reason why data is important, and the distractors are nonsensical.","Vague stem, weak options"
SLM (TinyLlama),few-shot,"Question: What is a common malicious behavior of malware?
0) To perform a scan
1) To install new components
2) To change the system settings
3) To delete files
4) To hack the network
Correct Answer: 2
Explanation: Malware can change system settings or delete files to gain access to users' devices.",NO_VERDICT,,,NO_VERDICT,,,BAD,All listed options can be malicious; the key “2) To change the system settings” is not uniquely correct. The item lacks a single best answer and clear malware-specific context.,Ambiguous options
SLM (TinyLlama),exemplar-guided,"Question: Which malware is often mistaken for a viral message?
0) Spam Email
1) Adware
2) Phishing Scam
3) Scam Email
4) Virus
Correct Answer: 2
Explanation: Phishing scams can look like emails from a trusted source, making them dangerous.",NO_VERDICT,,,NO_VERDICT,,,BAD,"The term ""viral message"" is ambiguous; students may interpret it as a literal computer virus or a forwarded hoax, making the distinction unclear. Phishing is not malware but a social-engineering attack, so the question conflates concepts.",Vague wording; concept mismatch
SLM (TinyLlama),template-based,"Question: [..]
Options: A-C
Correct: [..]
Explanation: [..] is a critical issue in the development and use of AI systems.",NO_VERDICT,,,NO_VERDICT,,,BAD,"The stem is incomplete and the options are missing, so the item cannot be used for assessment.",Missing stem/options
SLM (TinyLlama),zero-shot,"Question: Which state is responsible for controlling the flow of traffic in a computer network?
0) A single user's computer
1) A group of people working together
2) A single app running in the background
3) A network of servers
4) A single website
Correct Answer: 2
Explanation: State machines manage communication between components in a network.",NO_VERDICT,,,NO_VERDICT,,,BAD,The term “state” is misused; none of the options describe network flow control mechanisms like routers or protocols.,Misuses “state”; no valid option
SLM (TinyLlama),template-based,"Question: [..]
Options: A-C
Correct: [..]
Explanation: [..] is a common way to implement recursion, which allows the function to call itself recursively.",NO_VERDICT,,,NO_VERDICT,,,BAD,"The stem is missing, making the question unanswerable; the provided text is only an incomplete fragment.",Missing stem; incomplete item
SLM (TinyLlama),template-based,"Question: Which packet routing technique is used in a network with multiple routers?
Options: A-C
Correct: B
Explanation: B is used in a network with multiple routers as it optimizes network paths based on traffic demands.
Explanation: B is used in a network with multiple routers as it optimizes network paths based on traffic demands.
Explanation: B is used in a network with multiple routers as it optimizes network paths based on traffic demands.
Explanation: B is used in a network with multiple routers as it optimizes network paths based on traffic demands.
Explanation: B is used in a network with multiple routers as it optimizes network paths based on traffic demands.",NO_VERDICT,,,NO_VERDICT,,,BAD,"The stem lacks the actual options, repeats the same sentence five times, and gives no usable information for 9th-graders.","Missing options, repetitive text"
SLM (TinyLlama),template-based,"Question: [..]
Options: A-C
Correct: [..]
Explanation: [..] is a type of computation that allows computations to be repeated recursively.",NO_VERDICT,,,NO_VERDICT,,,BAD,"The stem is incomplete and the explanation sentence is garbled, making the item unassessable.",Incomplete stem; garbled explanation
SLM (TinyLlama),few-shot,"Question: What is a key component of AI ethics?
0) The ability to create avatars
1) The use of algorithms to detect bias
2) The ability to develop empathy
3) The use of language
4) The ability to learn from mistakes
Correct Answer: 2
Explanation: Algorithms can be used to identify and prevent bias in AI systems, just like in humans.",NO_VERDICT,,,NO_VERDICT,,,BAD,"The correct answer is factually wrong; ethics focuses on bias detection and fairness, not on machines “developing empathy.” The distractors are vague and the question conflates human traits with ethical principles.",Wrong key concept
SLM (TinyLlama),exemplar-guided,"Question: How can social media affect mental health?
0) By reducing stress
1) By improving self-esteem
2) By promoting isolation
3) By enhancing creativity
4) By reducing stress
Correct Answer: 2
Explanation: Social media can lead to feelings of isolation and exposure to negative content.",BAD,"The item addresses mental health, not computing concepts, and contains duplicated options, violating quality standards.","Irrelevant content, poor design",NO_VERDICT,,,BAD,"The stem is Psychology, not Computing; distractors are duplicated and lack tech context.","Off-topic, duplicate options"
SLM (TinyLlama),zero-shot,"Question: Why is the digital divide still a problem in schools?
0) Computers are too expensive
1) Students lack access to the internet
2) Teachers can't use digital tools
3) Schools lack technology
4) Plagiarism is prevalent
Correct Answer: 2
Explanation: Teachers and students in low-income areas often lack access to the internet, making digital tools less accessible.",NO_VERDICT,,,NO_VERDICT,,,BAD,"The keyed answer “2” is incorrect; the digital divide is primarily about unequal access to devices and connectivity, not teacher skills.",Wrong key; access issue
SLM (TinyLlama),template-based,"Question: Why should asymmetric encryption use different keys for communication and authentication?
Option: B
Correct: A
Explanation: It allows for more robust protection against attacks.
Explanation: [..]
Explanation: [..]
Explanation: [..]
Explanation: [..]",NO_VERDICT,,,NO_VERDICT,,,BAD,"The stem is garbled, the options are missing, and the “correct” label points to a non-existent option.","Missing options, garbled stem"
SLM (TinyLlama),chain-of-thought,"Question: How can a weighted graph be used in a network analysis problem?
0) To make it more complex
1) To calculate the shortest path
2) To explain reliability
3) To eliminate edges
4) To find the worst-case scenario
Correct Answer: 1
Explanation: Weighted graphs can be used to calculate the shortest path between nodes when the edges are ordered based on value.",NO_VERDICT,,,NO_VERDICT,,,GOOD,"The question is clear, targets 9th-grade level, and the correct option aligns with BNCC’s emphasis on problem-solving with graphs.","Weighted graph, shortest path"
SLM (TinyLlama),zero-shot,"Question: Which is the most common type of malware?
0) Ransomware
1) Spyware
2) Rootkit
3) Phishing
4) Scamware
Correct Answer: 2
Explanation: Rootkit and phishing are both types of malware, but ransomware is a specific type of malware that encrypts files and demands payment to unlock them.",NO_VERDICT,,,NO_VERDICT,,,BAD,The indicated correct answer (Rootkit) is not the most common malware; the question is ambiguous and factually incorrect.,"Wrong key, ambiguous scope"
SLM (TinyLlama),few-shot,"Examples:
Q: Which malware uses social engineering to gain access to systems?
A: A) Phishing
B: C) RAT
C: D: Scam
Correct Answer: A
Explanation: Phishing is a common technique used by malware to gain access to systems.",NO_VERDICT,,,NO_VERDICT,,,BAD,"The stem is missing, answer labels are garbled, and the “Correct Answer” line gives away the key, nullifying the item.","Missing stem, exposed answer"
SLM (TinyLlama),zero-shot,"Question: Why are state machines used in automated testing?
0) To check for bugs
1) To simulate human behavior
2) To improve speed
3) To avoid bugs
4) To test all possible states
Correct Answer: 2
Explanation: State machines can simulate how a system interacts with user input, avoiding bugs in real-world scenarios.",NO_VERDICT,,,NO_VERDICT,,,BAD,The keyed answer (2) is wrong; state machines are used to model and test all possible states (4). The distractors are weak and the correct option is mislabeled.,Wrong key; weak distractors
SLM (TinyLlama),zero-shot,"Question: What is a common characteristic shared by all types of malware?
0) It uses multiple methods
1) It targets specific systems
2) It encrypts files
3) It is designed to spread quickly
4) It is free
Correct Answer: 1
Explanation: All types of malware use similar tactics to infiltrate and damage a system.",NO_VERDICT,,,NO_VERDICT,,,BAD,"The keyed answer is wrong; malware does not always target “specific systems,” whereas “designed to spread quickly” is a far more universal trait. The distractors are weak and the stem lacks precision for 9th-grade BNCC clarity.","Wrong key, vague stem"
SLM (TinyLlama),few-shot,"Question: What is a common behavior of malware that spreads quickly on a network?
0) It stops when it detects a solution
1) It creates a new file
2) It replicates itself slowly
3) It integrates with other software
4) It overwrites the host OS
Correct Answer: 2
Explanation: Malware spreads quickly by copying itself to other systems.",NO_VERDICT,,,NO_VERDICT,,,BAD,"The correct answer is wrong; malware that spreads quickly replicates rapidly, not slowly. The distractors are weak and the stem lacks context.","Wrong key, weak options"
SLM (TinyLlama),chain-of-thought,"Question: How does the weighted graph property help to identify the largest weighted cycle?
0) The shortest cycle is the largest
1) The largest cycle is the shortest
2) The smallest cycle is the largest
3) The largest cycle is the shortest
4) The largest cycle is the smallest
Correct Answer: 1
Explanation: The weighted graph property means that the largest cycle must always be a subset of the shortest cycle.",NO_VERDICT,,,NO_VERDICT,,,BAD,The wording is contradictory and confusing; “largest” and “shortest” are opposite concepts and none of the options make graph-theoretic sense.,Confusing contradictory options
SLM (TinyLlama),zero-shot,"Question: Why is LGPD important for protecting personal data?
0) It's slow
1) It's boring
2) It's expensive
3) It's technical
4) It's old
Correct Answer: 2
Explanation: LGPD aims to improve transparency and control over data use.",BAD,"The options do not address LGPD's purpose, and",,NO_VERDICT,,,BAD,All distractors are irrelevant adjectives; none relate to LGPD’s purpose. The keyed “correct” answer is nonsensical.,Distractors meaningless; answer wrong
LLM (Llama-3.3-70B),zero-shot,"<|system|>
You are a Computer Science Professor for 9th-grade students following the Brazilian BNCC curriculum.<|end|>
<|user|>
Generate a hard MCQ about 'Weighted Graphs' and social networks (BNCC EF09C001).<|end|>
<|assistant|>
Question: In a social network represented as a weighted graph, where nodes are users and edges represent friendships with weights indicating the frequency of interactions, what is the most appropriate algorithm to find the shortest path between two users who are not directly connected, considering the interaction frequency as the distance metric?

0) Breadth-First Search (BFS)
1) Depth-First Search (DFS)
2) Dijkstra's Algorithm
3) Bellman-Ford Algorithm
4) Topological Sort

Correct Answer: 2) Dijkstra's Algorithm
Explanation: Dijkstra's Algorithm is the most suitable choice for finding the shortest path in a weighted graph, as it takes into account the weights (interaction frequencies in this context) of the edges. It works by iteratively selecting the node with the shortest distance (initially, the starting node) and updating the distances to its neighbors if a shorter path is found. This process continues until the destination node is reached, ensuring the shortest path is found based on the weights. BFS and DFS do not consider weights, making them less suitable for this problem. Bellman-Ford can also handle weighted graphs but is more commonly used when dealing with graphs that may contain negative weight edges, which is not indicated in this scenario. Topological Sort is used for ordering nodes in a directed acyclic graph (DAG), which does not apply to the given problem of finding the shortest path in a weighted graph.",NO_VERDICT,,,NO_VERDICT,,,GOOD,"The question is contextualized, requires 9th-grade graph thinking, and the correct option is the only one that guarantees the shortest weighted path.","Weighted graph, shortest path"
LLM (Llama-3.3-70B),zero-shot,"<|system|>
You are a Computer Science Professor for 9th-grade students following the Brazilian BNCC curriculum.<|end|>
<|user|>
Generate a hard MCQ about 'Weighted Graphs' and social networks (BNCC EF09C001).<|end|>
<|assistant|>
Question: In a social network represented as a weighted graph, where each node represents a user and the edges represent the number of common friends between them, what does the weight of an edge signify in this context?
0) The number of mutual followers between two users
1) The strength of the friendship between two users based on their interactions
2) The physical distance between two users
3) The number of common friends between two users
4) The number of messages exchanged between two users

Correct Answer: 3) The number of common friends between two users
Explanation: According to the BNCC standards for 9th-grade students, in the context of weighted graphs representing social networks, the weight of an edge can signify various types of relationships or strengths between nodes. In this specific scenario, where the weight of an edge represents the number of common friends between two users, it helps in understanding the connectivity and community formation within the network. This concept is crucial in analyzing and visualizing social network structures and predicting user behavior, as outlined in the EF09C001 curriculum guidelines.",NO_VERDICT,,,NO_VERDICT,,,GOOD,"The stem clearly defines the edge weight as the count of common friends, so option 3 is the only correct choice; no ambiguity or overlap exists.","Clear definition, single match"
LLM (Llama-3.3-70B),zero-shot,"<|system|>
You are a Computer Science Professor for 9th-grade students following the Brazilian BNCC curriculum.<|end|>
<|user|>
Generate a hard MCQ about 'Weighted Graphs' and social networks (BNCC EF09C001).<|end|>
<|assistant|>
Question: In a social network represented as a weighted graph, where each node is a user and the edges represent friendships with weights indicating the frequency of interactions, what does the shortest path between two users in this graph most likely represent?
0) The most frequent interactions between the two users
1) The minimum number of friendships needed to connect the two users
2) The path with the fewest intermediate users
3) The path with the highest total interaction frequency
4) The most common interests shared between the two users

Correct Answer: 2) The path with the fewest intermediate users

Explanation: In the context of weighted graphs representing social networks, the shortest path typically refers to the path with the minimum total weight, which in this case, could be misunderstood as the path with the highest interaction frequency. However, given that the question specifies the ""shortest path,"" it implies the use of a distance or cost metric. Since the weights represent interaction frequencies, a shorter path would actually imply fewer intermediate steps or connections (lower total weight in terms of distance or cost), which is more accurately described as the path with the fewest intermediate users, assuming each edge's weight is considered as a unit of distance or cost in this context. This aligns with the BNCC standards for understanding graph theory and its applications in real-world scenarios like social networks.",NO_VERDICT,,,NO_VERDICT,,,BAD,"The stem says “weighted graph,” yet the key ignores weights; it only counts hops, so it misleads students about what shortest-path in a weighted graph means.",Ignores edge weights
LLM (Llama-3.3-70B),zero-shot,"<|system|>
You are a Computer Science Professor for 9th-grade students following the Brazilian BNCC curriculum.<|end|>
<|user|>
Generate a hard MCQ about 'Weighted Graphs' and social networks (BNCC EF09C001).<|end|>
<|assistant|>
Question: In a social network represented as a weighted graph, where the vertices represent users and the edges represent friendships with weights indicating the strength of the friendship (on a scale of 1 to 10), what does the shortest path between two vertices in this graph most likely represent in the context of information dissemination or influence spread?
0) The path with the fewest number of friendships
1) The path with the strongest friendships
2) The path that minimizes the total weight of the friendships
3) The path that maximizes the total weight of the friendships
4) The path with the most friendships

Correct Answer: 2) The path that minimizes the total weight of the friendships
Explanation: In the context of weighted graphs representing social networks, the weight of an edge (friendship) can be inversely related to the ""cost"" or ""distance"" in terms of information dissemination. The shortest path, in this case, would be the path that minimizes the total weight (or ""distance"") between two vertices (users), indicating the most efficient or strongest route for information or influence to spread from one user to another. This concept aligns with the BNCC standards for 9th-grade students, focusing on understanding graph theory and its applications in real-world scenarios like social networks (EF09C001).",NO_VERDICT,,,NO_VERDICT,,,BAD,"The question misleads students by equating “shortest path” with “minimum sum of weights,” yet in friendship contexts lower weight usually means weaker ties, contradicting the idea of strong influence. The BNCC expects clarity about graph interpretation, not confusion between grap",Misleading weight interpretation
LLM (Llama-3.3-70B),zero-shot,"<|system|>
You are a Computer Science Professor for 9th-grade students following the Brazilian BNCC curriculum.<|end|>
<|user|>
Generate a hard MCQ about 'Weighted Graphs' and social networks (BNCC EF09C001).<|end|>
<|assistant|>
Question: In a social network represented as a weighted graph, where vertices are users and edges represent friendships with weights indicating the strength of the friendship (on a scale of 1-10), which of the following algorithms would be most suitable for finding the strongest path (i.e., the path with the highest total weight) between two users, considering that the graph may contain negative weight edges?
0) Dijkstra's algorithm
1) Bellman-Ford algorithm
2) Topological Sort
3) Breadth-First Search (BFS)
4) Depth-First Search (DFS)
Correct Answer: 1
Explanation: The Bellman-Ford algorithm is the most suitable for finding the strongest path in a weighted graph that may contain negative weight edges. Dijkstra's algorithm does not support negative weight edges. Topological Sort is used for ordering vertices in a directed acyclic graph (DAG) and does not apply to this scenario. BFS and DFS are used for traversing graphs but do not consider edge weights. According to BNCC standards, students should understand the application of algorithms in real-world scenarios like social networks, emphasizing the importance of choosing the correct algorithm based on the problem's constraints.<|end|>",NO_VERDICT,,,NO_VERDICT,,,BAD,"The question asks for the “strongest” path with highest total weight, but Bellman-Ford minimizes total weight; it does not maximize. Students are misled into thinking it solves a maximization problem.",Wrong optimization goal
LLM (Llama-3.3-70B),few-shot,"<|system|>
You are a Computer Science Professor for 9th-grade students following the Brazilian BNCC curriculum.<|end|>
<|user|>
Create about recursive functions and sub-problems.<|end|>
<|assistant|>
Question: What is a key characteristic of recursive functions in solving problems?
0) They only solve simple problems
1) They break down complex problems into smaller sub-problems
2) They always use loops instead of conditional statements
3) They never use function calls
4) They are limited to solving mathematical problems only
Correct Answer: 1
Explanation: Recursive functions are designed to tackle complex problems by dividing them into smaller, more manageable sub-problems, which are then solved recursively until the solution to the original problem is found, aligning with the problem-solving strategies emphasized in the Brazilian BNCC curriculum.",NO_VERDICT,,,NO_VERDICT,,,GOOD,The question targets the core concept of recursion and the distractors are plausible.,Clear recursion concept
LLM (Llama-3.3-70B),few-shot,"<|system|>
You are a Computer Science Professor for 9th-grade students following the Brazilian BNCC curriculum.<|end|>
<|user|>
Create a question about recursive functions and sub-problems.<|end|>
<|assistant|>
Question: What is a key characteristic of recursive functions in solving problems?
0) They only solve simple problems
1) They break down complex problems into smaller sub-problems
2) They always use loops instead of conditional statements
3) They never use function calls within themselves
4) They are limited to solving mathematical problems only
Correct Answer: 1
Explanation: Recursive functions are designed to tackle complex problems by dividing them into smaller, more manageable sub-problems, which are then solved recursively until the solution to the original problem is found, aligning with the problem-solving strategies emphasized in the Brazilian BNCC curriculum.",NO_VERDICT,,,NO_VERDICT,,,GOOD,The question targets the core concept of recursion and the distractors are plausible. It aligns with BNCC’s emphasis on algorithmic thinking.,Clear recursion concept
LLM (Llama-3.3-70B),few-shot,"<|system|>
You are a Computer Science Professor for 9th-grade students following the Brazilian BNCC curriculum.<|end|>
<|user|>
Create a question about recursive functions and sub-problems.<|end|>
<|assistant|>
Question: What is a key characteristic of recursive functions in solving problems?
0) They only solve simple problems
1) They break down complex problems into smaller sub-problems
2) They always use loops instead of conditional statements
3) They never use function calls
4) They are limited to solving mathematical problems only
Correct Answer: 1
Explanation: Recursive functions are designed to tackle complex problems by dividing them into smaller, more manageable sub-problems, which are then solved recursively until the solution to the original problem is found, aligning with the problem-solving strategies emphasized in the Brazilian BNCC curriculum.",NO_VERDICT,,,NO_VERDICT,,,GOOD,"The item tests the core concept of recursion—dividing a problem into smaller, similar sub-problems—using clear, grade-appropriate language and plausible distractors.",Core recursion concept
LLM (Llama-3.3-70B),few-shot,"<|system|>
You are a Computer Science Professor for 9th-grade students following the Brazilian BNCC curriculum.<|end|>
<|user|>
Create a question about recursive functions and sub-problems.<|end|>
<|assistant|>
Question: What is a key characteristic of recursive functions in solving problems?
0) They only solve simple problems
1) They break down complex problems into smaller sub-problems
2) They always use loops instead of conditional statements
3) They never use function calls
4) They are limited to solving mathematical problems only
Correct Answer: 1
Explanation: Recursive functions are designed to tackle complex problems by dividing them into smaller, more manageable sub-problems, which are then solved recursively until the solution to the original problem is found, aligning with the problem-solving strategies emphasized in the Brazilian BNCC curriculum.",NO_VERDICT,,,NO_VERDICT,,,GOOD,"The item clearly targets the BNCC 9th-grade skill of understanding algorithmic decomposition through recursion. The distractors are plausible yet incorrect, and the correct option captures recursion’s essence without oversimplifying.",Clear recursion concept
LLM (Llama-3.3-70B),few-shot,"<|system|>
You are a Computer Science Professor for 9th-grade students following the Brazilian BNCC curriculum.<|end|>
<|user|>
Create a question about recursive functions and sub-problems.<|end|>
<|assistant|>
Question: What is a key characteristic of recursive functions in solving problems?
0) They only solve simple problems
1) They break down complex problems into smaller sub-problems
2) They always use loops instead of conditional statements
3) They never use function calls
4) They are limited to solving mathematical problems only
Correct Answer: 1
Explanation: Recursive functions are designed to tackle complex problems by dividing them into smaller, more manageable sub-problems, which are then solved recursively until the solution to the original problem is found, aligning with the problem-solving strategies emphasized in the Brazilian BNCC curriculum.",NO_VERDICT,,,NO_VERDICT,,,GOOD,The question targets the core concept of recursion and the distractors are plausible.,Clear recursion concept
LLM (Llama-3.3-70B),chain-of-thought,"Asymmetric Encryption keys are a type of encryption where a pair of keys is used: a public key for encryption and a private key for decryption. The public key can be shared with anyone, while the private key must be kept secret.

The risks of sharing the private key include:
- Loss of confidentiality: If the private key is shared, anyone with access to it can decrypt the encrypted data.
- Loss of authenticity: If the private key is shared, anyone with access to it can impersonate the owner of the key.
- Loss of non-repudiation: If the private key is shared, the owner of the key cannot deny having sent a message or performed an action.

Here's a multiple-choice question based on the BNCC EF09C005 standard:
Question: What is the main risk of sharing the private key in asymmetric encryption?
0) The public key will be compromised
1) The encrypted data will be slower to decrypt
2) Anyone with access to the private key can decrypt the encrypted data and impersonate the owner
3) The private key will be used for encryption instead of decryption
4) The public key will be used for decryption instead of encryption
Correct Answer: 2
Explanation: Asymmetric encryption relies on the secrecy of the private key to ensure the security of the encrypted data. If the private key is shared, anyone with access to it can decrypt the encrypted data, compromising confidentiality, and also impersonate the owner of the key, compromising authenticity. This is the main risk of sharing the private key in asymmetric encryption, as stated in the BNCC EF09C005 standard.",NO_VERDICT,,,NO_VERDICT,,,BAD,"The question misuses “private key in asymmetric encryption”; sharing the private key is fundamentally wrong, not a “risk.” The distractors are weak and the wording confuses key purposes.",Wrong key concept
LLM (Llama-3.3-70B),chain-of-thought,"Asymmetric Encryption keys are a type of encryption where a pair of keys is used: a public key for encryption and a private key for decryption. The public key can be shared with anyone, while the private key must be kept secret. 

The risks of sharing the private key include:
- Loss of confidentiality: If the private key is shared, the encrypted data can be decrypted by unauthorized parties.
- Loss of authenticity: Shared private keys can be used to forge digital signatures, making it difficult to verify the authenticity of messages.
- Loss of non-repudiation: If the private key is shared, the owner of the key can deny sending a message, as anyone with access to the key could have sent it.

Here's a multiple-choice question based on the BNCC EF09C005 standard:
Question: What is the main risk of sharing the private key in asymmetric encryption?
0) Increased encryption speed
1) Improved data compression
2) Loss of confidentiality and authenticity
3) Enhanced firewall protection
4) Better network connectivity

Correct Answer: 2
Explanation: Asymmetric encryption relies on the secrecy of the private key to ensure confidentiality and authenticity. Sharing the private key compromises these principles, allowing unauthorized parties to decrypt data and forge digital signatures. This is a critical concept in the BNCC EF09C005 standard, which emphasizes the importance of secure data transmission and encryption techniques.",NO_VERDICT,,,NO_VERDICT,,,BAD,"The question mislabels the concept; asymmetric encryption uses a private key that must never be shared, whereas sharing a symmetric key would break confidentiality. The stem confuses key types and misleads students.",Wrong key type named
LLM (Llama-3.3-70B),chain-of-thought,"Asymmetric Encryption keys are a type of encryption where a pair of keys is used: a public key for encryption and a private key for decryption. The public key can be shared with anyone, while the private key must be kept secret. 

The risks of sharing the private key include:
- Loss of confidentiality: If the private key is shared, the encrypted data can be decrypted by unauthorized parties.
- Loss of authenticity: The private key can be used to create fake digital signatures, making it difficult to verify the authenticity of messages.
- Loss of non-repudiation: If the private key is shared, the owner of the key can deny sending a message, as anyone with the private key can create a digital signature.

Here's a multiple-choice question based on the BNCC EF09C005 standard:
Question: What is the main risk of sharing the private key in asymmetric encryption?
0) Increased encryption speed
1) Improved data compression
2) Loss of confidentiality and authenticity
3) Enhanced firewall protection
4) Better network connectivity

Correct Answer: 2
Explanation: Asymmetric encryption relies on the secrecy of the private key to ensure confidentiality and authenticity. Sharing the private key compromises these principles, allowing unauthorized parties to decrypt data and create fake digital signatures. This is a critical concept in the BNCC EF09C005 standard, which emphasizes the importance of secure data transmission and encryption techniques.",NO_VERDICT,,,NO_VERDICT,,,BAD,Asymmetric encryption uses a private key that must stay secret; the question misrepresents the concept and confuses students.,Wrong key type
LLM (Llama-3.3-70B),chain-of-thought,"Asymmetric Encryption keys are a type of encryption where a pair of keys is used: a public key for encryption and a private key for decryption. The public key can be shared with anyone, while the private key must be kept secret.

The risks of sharing the private key include:
- Loss of confidentiality: If the private key is shared, anyone with access to it can decrypt the encrypted data.
- Loss of authenticity: If the private key is shared, anyone with access to it can create fake digital signatures, making it difficult to verify the authenticity of the data.
- Loss of non-repudiation: If the private key is shared, the owner of the key can deny having sent the encrypted data, as anyone with access to the key could have sent it.

Here's a question based on this concept:
Question: What is the main risk of sharing the private key in asymmetric encryption?
0) Increased encryption speed
1) Improved data compression
2) Loss of confidentiality and authenticity
3) Reduced storage requirements
4) Enhanced firewall protection

Correct Answer: 2
Explanation: In asymmetric encryption, the private key is used for decryption and digital signatures. Sharing the private key compromises the security of the encryption, as anyone with access to the key can decrypt the data and create fake digital signatures, leading to a loss of confidentiality and authenticity. This is a critical concept in computer science and networking, as emphasized in the Brazilian BNCC curriculum for 9th-grade students, specifically in the EF09C005 standard.",NO_VERDICT,,,NO_VERDICT,,,BAD,"Asymmetric encryption uses a public/private key pair; the private key must stay secret. Sharing it breaks confidentiality and authenticity, but the question mislabels the key concept.",Mislabels key pair concept
LLM (Llama-3.3-70B),chain-of-thought,"Asymmetric encryption is a method of secure communication where a pair of keys is used: a public key for encrypting the message and a private key for decrypting it. 

1. **Asymmetric Encryption Keys**: In asymmetric encryption, each user has a pair of keys: a public key and a private key. The public key can be shared openly without any risk, as it is used only for encrypting messages. The private key, however, must be kept secret because it is used for decrypting messages. This ensures that only the intended recipient can read the encrypted message.

2. **Risks of Sharing the Private Key**: Sharing the private key with anyone compromises the security of the asymmetric encryption system. If the private key is shared, the person it's shared with can decrypt messages intended for the original key holder, thus breaching confidentiality. Moreover, if the private key is compromised, an attacker could use it to impersonate the key's owner, leading to issues with authenticity and integrity.

Given this understanding, let's create an MCQ based on the BNCC EF09C005 standards:

Question: What is the primary risk associated with sharing your private key in asymmetric encryption?
0) It allows others to encrypt messages to you.
1) It allows others to decrypt messages intended for you, compromising confidentiality.
2) It enhances the security of your communication by adding more decryption points.
3) It changes your public key, requiring you to update all your contacts.
4) It has no impact on the security of your communication.

Correct Answer: 1) It allows others to decrypt messages intended for you, compromising confidentiality.

Explanation: Asymmetric encryption relies on the secrecy of the private key to ensure that only the intended recipient can read encrypted messages. Sharing the private key compromises this secrecy, allowing unauthorized parties to decrypt messages and thus violating the principle of confidentiality. This is a fundamental concept in computer science and cryptography, emphasizing the importance of key management in secure communication protocols as outlined in the BNCC curriculum for 9th-grade students.",NO_VERDICT,,,NO_VERDICT,,,BAD,The question confuses private key secrecy with public key sharing; the private key is never shared in asymmetric encryption.,Conceptual error; misleading premise
LLM (Llama-3.3-70B),exemplar-guided,"<|system|>
You are a Computer Science Professor for 9th-grade students following the Brazilian BNCC curriculum.<|end|>
<|user|>
Generate an MCQ about 'Packet Switching' and reassembly at destination (BNCC EF69C007).<|end|>
<|assistant|>
Question: Imagine you're sending a large email with many photos to a friend. To make it easier to transmit, the internet breaks down the email into smaller pieces called packets. What happens to these packets when they reach their destination?
0) They are deleted to save space
1) They are stored in different computers forever
2) They are reassembled into the original email
3) They are sent back to the sender
4) They are printed out as paper copies

Correct Answer: 2)
Explanation: In packet switching, data is broken down into small packets, each with a header that contains information about the packet's destination and sequence. These packets are then transmitted over the internet, potentially taking different routes to reach their destination. Once the packets arrive at their destination, they are reassembled into the original data, in this case, the email with the photos. This process ensures that the data is delivered efficiently and reliably, even if some packets are lost or delayed during transmission, as they can be retransmitted or reassembled correctly at the receiving end. This concept is part of the BNCC EF69C007 standards, focusing on understanding how data is transmitted and received over the internet.",NO_VERDICT,,,NO_VERDICT,,,GOOD,"The question correctly addresses packet reassembly, a key internet concept for 9th grade. The distractors are plausible but clearly incorrect, keeping cognitive load appropriate.",Packet reassembly concept
LLM (Llama-3.3-70B),exemplar-guided,"<|system|>
You are a Computer Science Professor for 9th-grade students following the Brazilian BNCC curriculum.<|end|>
<|user|>
Generate an MCQ about 'Packet Switching' and reassembly at destination (BNCC EF69C007).<|end|>
<|assistant|>
Question: In packet switching, when a message is broken into smaller pieces called packets and sent over a network, what happens to these packets at the destination?
0) They are deleted to save storage space
1) They are stored in a database for later use
2) They are reassembled into the original message
3) They are sent back to the sender as an acknowledgment
4) They are used to create a new message

Correct Answer: 2)
Explanation: According to the BNCC standards, specifically EF69C007, packet switching is a technique where data is broken into small packets, each with a header containing control information, and sent independently over the network. At the destination, these packets are reassembled into the original message, ensuring that the data is received correctly and in the right order. This process allows for efficient and reliable data transmission over networks.<|end|>",NO_VERDICT,,,NO_VERDICT,,,GOOD,"The question correctly targets the core concept of packet reassembly in packet switching, and the distractors are plausible yet clearly incorrect.","Accurate concept, clear options"
LLM (Llama-3.3-70B),exemplar-guided,"<|system|>
You are a Computer Science Professor for 9th-grade students following the Brazilian BNCC curriculum.<|end|>
<|user|>
Generate an MCQ about 'Packet Switching' and reassembly at destination (BNCC EF69C007).<|end|>
<|assistant|>
Question: In packet switching, when a message is broken into smaller pieces called packets and sent over a network, what happens to these packets at the destination?
0) They are deleted to free up space
1) They are stored in a temporary buffer and then discarded
2) They are reassembled into the original message in the order they were sent
3) They are reassembled into the original message in the order they were received
4) They are reassembled into the original message in the order specified by their packet headers

Correct Answer: 4) They are reassembled into the original message in the order specified by their packet headers

Explanation: According to the BNCC standards, specifically EF69C007, packet switching involves breaking down data into smaller packets, each with a header containing control information such as source and destination addresses, and sequence numbers. These packets may travel through different routes to reach their destination. At the destination, the packets are reassembled into the original message based on the sequence information in their headers, ensuring that the data is reconstructed in the correct order, regardless of the order in which the packets were received. This process is crucial for maintaining the integrity and coherence of the transmitted data.",NO_VERDICT,,,NO_VERDICT,,,GOOD,"The question tests a key network concept; the correct answer aligns with BNCC’s emphasis on data transmission. Option 4 is accurate because reassembly order is determined by header sequencing, not arrival order.",Accurate packet reassembly concept
LLM (Llama-3.3-70B),exemplar-guided,"<|system|>
You are a Computer Science Professor for 9th-grade students following the Brazilian BNCC curriculum.<|end|>
<|user|>
Generate an MCQ about 'Packet Switching' and reassembly at destination (BNCC EF69C007).<|end|>
<|assistant|>
Question: Imagine you're sending a large email with many photos to a friend. Packet switching is like breaking this email into smaller pieces, called packets, to send them over the internet. What happens to these packets when they reach their destination?
0) They are deleted to save storage space
1) They are stored in different computers forever
2) They are reassembled into the original email with all the photos
3) They are sent back to the sender as a confirmation
4) They are translated into a different language

Correct Answer: 2
Explanation: In packet switching, data is broken down into small packets, each with a header containing source and destination information. These packets may travel through different routes to reach their destination. Once all the packets arrive, they are reassembled into the original data, in this case, the email with all the photos, ensuring the recipient receives the complete message. This process is a fundamental aspect of how data is transmitted over the internet, as outlined in the BNCC curriculum for 9th-grade students (EF69C007).",NO_VERDICT,,,NO_VERDICT,,,GOOD,The question clearly contextualizes packet switching and the correct answer reinforces the concept of reassembly at the destination.,"Clear context, correct reassembly"
LLM (Llama-3.3-70B),exemplar-guided,"<|system|>
You are a Computer Science Professor for 9th-grade students following the Brazilian BNCC curriculum.<|end|>
<|user|>
Generate an MCQ about 'Packet Switching' and reassembly at destination (BNCC EF69C007).<|end|>
<|assistant|>
Question: Imagine you're sending a large email with many pictures to your friend. To make it easier to send, the email is broken down into smaller parts called packets. What happens to these packets when they reach their destination?
0) They are deleted to save space
1) They are stored in different computers forever
2) They are reassembled into the original email
3) They are sent back to the sender
4) They are printed out as separate pages

Correct Answer: 2
Explanation: In packet switching, data is broken down into small packets, each with a header that contains information about the packet's destination and sequence. These packets are then sent independently through the network and may take different routes to reach their destination. When the packets arrive at their destination, they are reassembled into the original data, allowing the recipient to receive the complete email with all its pictures. This process ensures efficient and reliable data transfer over the internet, as outlined in the BNCC standards for computer science education.",GOOD,The question clearly,,NO_VERDICT,,,GOOD,"The question clearly tests packet-switching reassembly, a core BNCC concept. The distractors are plausible yet incorrect, maintaining cognitive rigor.",Packet reassembly concept
LLM (Llama-3.3-70B),template-based,"<|system|>
You are a Computer Science Professor for 9th-grade students following the Brazilian BNCC curriculum.<|end|>
<|user|>
Complete the template: Topic: 'AI Ethics'. Question: [About transparency and algorithmic bias]... Correct Answer: [Number]. Explanation: [Why AI must be auditable] (BNCC EF09C007).<|end|>
<|assistant|>
Question: What is crucial for ensuring that artificial intelligence systems are fair and unbiased, and which of the following options best describes this requirement?
0) Complete secrecy in coding to protect intellectual property
1) Periodic updates to keep the system current
2) Transparency in algorithm design to identify and mitigate bias
3) High-speed processing to handle large datasets
4) Limited access to data to prevent overfitting
Correct Answer: 2
Explanation: Transparency in AI systems, particularly in their algorithmic design, is essential for identifying and addressing potential biases. This is because biases can lead to unfair outcomes and discrimination. By making AI systems auditable and transparent, developers can uncover where biases exist and work to mitigate them, ensuring that the systems operate fairly and ethically. This aligns with the BNCC standards, which emphasize the importance of understanding the ethical implications of technology, including the need for transparency and accountability in AI development (BNCC EF09C007).",BAD,"The item lacks the actual question, answer options, and explanation, making it unusable for assessment.",Incomplete question content.,NO_VERDICT,,,BAD,"The stem is incomplete and lacks the actual question text and answer choices, so it cannot assess learning.",Missing stem/options
LLM (Llama-3.3-70B),template-based,"<|system|>
You are a Computer Science Professor for 9th-grade students following the Brazilian BNCC curriculum.<|end|>
<|user|>
Topic: 'AI Ethics'. Question: How can transparency in AI systems help mitigate algorithmic bias, and what is the primary reason AI must be auditable according to BNCC EF09C007?<|end|>
<|assistant|>
Question: What is the main reason transparency in AI systems is crucial for reducing algorithmic bias, and why must AI be auditable as per BNCC standards?
0) To increase user engagement and improve system performance
1) To ensure accountability and fairness in decision-making processes
2) To enhance system security and protect user data
3) To facilitate the integration of AI with other technologies
4) To reduce the cost of AI system development and maintenance
Correct Answer: 1
Explanation: Transparency in AI systems is essential for identifying and mitigating algorithmic bias, which can lead to unfair outcomes and discrimination. According to BNCC EF09C007, AI must be auditable to ensure that its decision-making processes are fair, transparent, and accountable. This means that AI systems should provide clear explanations for their decisions and actions, allowing for the identification and correction of biases. By making AI systems auditable, we can promote trust, fairness, and accountability in AI-driven decision-making, which is critical for ensuring that AI is used responsibly and ethically.",NO_VERDICT,,,NO_VERDICT,,,GOOD,The item directly targets BNCC EF09C007 by linking transparency to bias mitigation and auditability to accountability/fairness.,"Transparency, bias, auditability, fairness"
LLM (Llama-3.3-70B),template-based,"<|system|>
You are a Computer Science Professor for 9th-grade students following the Brazilian BNCC curriculum.<|end|>
<|user|>
Complete the template: Topic: 'AI Ethics'. Question: [About transparency and algorithmic bias]... Correct Answer: [Number]. Explanation: [Why AI must be auditable] (BNCC EF09C007).<|end|>
<|assistant|>
Topic: AI Ethics. Question: What is essential for ensuring that artificial intelligence systems do not perpetuate or amplify existing social biases, and why must their decision-making processes be transparent and auditable?
0) Only the use of diverse datasets
1) Only the implementation of strict privacy policies
2) The ability to explain and justify their decisions, making them transparent and reducing algorithmic bias
3) The exclusive use of open-source algorithms
4) The reliance on human oversight alone
Correct Answer: 2
Explanation: For AI systems to be fair and unbiased, it is crucial that their decision-making processes are transparent, auditable, and explainable. This means that the systems should be able to provide clear explanations for their decisions, allowing for the identification and mitigation of potential biases. Auditing AI systems helps ensure that they do not perpetuate harmful biases, making them more trustworthy and ethical. This aligns with the BNCC standards, which emphasize the importance of understanding the ethical implications of technology, including the need for transparency and accountability in AI development (BNCC EF09C007).<|end|>",NO_VERDICT,,,BAD,"The question lacks content, answer options, and",,BAD,"The stem is incomplete and lacks the answer choices, so it cannot assess anything.",Missing options stem
LLM (Llama-3.3-70B),template-based,"<|system|>
You are a Computer Science Professor for 9th-grade students following the Brazilian BNCC curriculum.<|end|>
<|user|>
Complete the template: Topic: 'AI Ethics'. Question: [About transparency and algorithmic bias]... Correct Answer: [Number]. Explanation: [Why AI must be auditable] (BNCC EF09C007).<|end|>
<|assistant|>
Topic: AI Ethics. Question: What is essential for ensuring fairness in AI systems to prevent algorithmic bias and discrimination, according to the principles of AI ethics?
0) Using only open-source algorithms
1) Implementing AI systems without human oversight
2) Ensuring transparency and auditability in AI decision-making processes
3) Collecting as much user data as possible
4) Ignoring potential biases in training data
Correct Answer: 2
Explanation: Ensuring transparency and auditability in AI decision-making processes is crucial for identifying and mitigating algorithmic bias. This allows developers and regulators to understand how AI systems arrive at their decisions, making it possible to detect and correct biases. According to the BNCC standards, particularly EF09C007, it is essential to consider the ethical implications of AI and ensure that these systems are fair, transparent, and auditable to prevent discrimination and promote responsible AI development.<|end|>",NO_VERDICT,,,NO_VERDICT,,,BAD,"The stem is incomplete and lacks the actual question text and answer choices, so it cannot assess learning.",Missing stem/options
LLM (Llama-3.3-70B),template-based,"<|system|>
You are a Computer Science Professor for 9th-grade students following the Brazilian BNCC curriculum.<|end|>
<|user|>
Topic: 'AI Ethics'. Question: What is crucial for ensuring fairness and trust in AI systems to prevent algorithmic bias and discrimination, and why is it important for AI to be transparent and explainable in its decision-making processes, according to BNCC EF09C007?<|end|>
<|assistant|>
Question: What is crucial for ensuring fairness and trust in AI systems to prevent algorithmic bias and discrimination, and why is it important for AI to be transparent and explainable in its decision-making processes?
0) Data privacy
1) Algorithmic transparency and auditability
2) High processing speed
3) Large datasets
4) Complex algorithms
Correct Answer: 1
Explanation: Algorithmic transparency and auditability are crucial for ensuring fairness and trust in AI systems. This is because AI systems can perpetuate and amplify existing biases if they are not designed with fairness and transparency in mind. By making AI systems transparent and auditable, developers can identify and mitigate biases, ensuring that the systems make decisions that are fair and unbiased. This is in line with the BNCC EF09C007, which emphasizes the importance of ethical considerations in the development and use of AI systems. Transparency and auditability allow for the identification of potential biases and errors, making it possible to correct them and ensure that AI systems are used responsibly and for the benefit of society.",NO_VERDICT,,,NO_VERDICT,,,BAD,"The stem is a double-barrelled question and reads like an essay prompt, not a concise 9th-grade MCQ.","Double question, verbose stem"
LLM (GPT-OSS-120B),zero-shot,"<|system|>
You are a Computer Science Professor for 9th-grade students following the Brazilian BNCC curriculum.<|end|>
<|user|>
[Question Prompt]<|end|>
<|assistant|>
Question: In a weighted undirected graph that models a social network, each vertex represents a user and each edge weight represents the frequency of direct interactions between two users per month. Which of the following statements is **TRUE** about finding the most influential group of exactly three users using the concept of a minimum‑weight Steiner tree?

0) The minimum‑weight Steiner tree will always be a triangle formed by the three users with the highest pairwise interaction frequencies.
1) The minimum‑weight Steiner tree may include additional intermediate users (Steiner vertices) that are not part of the three‑user group to reduce the total weight.
2) The minimum‑weight Steiner tree is equivalent to the shortest path that connects the three users without using any other vertices.
3) In a weighted social network, the minimum‑weight Steiner tree for three users is always equal to the sum of the two smallest edge weights incident to each of the three users.
4) The minimum‑weight Steiner tree cannot be computed in polynomial time for any graph, so it is impossible to identify the most influential group of three users.

Correct Answer: 1

Explanation: According to BNCC EF09C001, students must understand graph concepts such as vertices, edges, weights, and algorithms for optimization. In a weighted graph, a Steiner tree connecting a set of terminal vertices (the three users) may use extra vertices (Steiner vertices) if doing so lowers the total edge weight. Therefore, the optimal (minimum‑weight) subgraph that connects the three users is not necessarily the direct triangle among them; it can include other users whose inclusion reduces the overall interaction cost. Options 0, 2, and 3 misinterpret the definition of a Steiner tree, and option 4 is incorrect because, although the general Steiner tree problem is NP‑hard, exact solutions can be found for small instances (such as three terminals) using exhaustive search or specialized algorithms. This aligns with the BNCC goal of developing problem‑solving skills and algorithmic thinking in the context of real‑world networks.",NO_VERDICT,,,NO_VERDICT,,,BAD,Steiner-tree is not a 9th-grade topic; it violates BNCC’s cognitive level and vocabulary.,Off-level content
LLM (GPT-OSS-120B),zero-shot,"Question: In a social network modeled as a weighted undirected graph, each edge weight represents the number of interactions per month between two users. The network analysts want to find the pair of users that are most strongly connected through any chain of friendships, i.e., the path that maximizes the minimum interaction frequency along the path (the “widest‑path” or bottleneck problem). Which algorithm is most appropriate to solve this problem?

0) Breadth‑First Search (BFS)  
1) Dijkstra’s algorithm using the sum of edge weights  
2) Kruskal’s algorithm for constructing a minimum spanning tree  
3) A modified Dijkstra’s algorithm that selects edges based on the maximum‑minimum (bottleneck) criterion  
4) Floyd‑Warshall algorithm for all‑pairs shortest paths  

Correct Answer: 3  

Explanation: According to BNCC EF09C001, students must understand how weighted graphs represent real‑world relationships and be able to choose suitable algorithms for graph problems. The “widest‑path” problem seeks a path whose weakest (minimum) edge weight is as large as possible. A standard Dijkstra’s algorithm minimizes the total sum of weights, which is unsuitable. BFS ignores weights, Kruskal builds a spanning tree, and Floyd‑Warshall computes shortest (minimum‑sum) paths for all pairs. The correct approach is a variant of Dijkstra that, instead of accumulating sums, propagates the maximum possible bottleneck value to each vertex, thereby finding the path that maximizes the minimum interaction frequency. This aligns with the curriculum’s emphasis on applying graph theory to social‑network contexts.",NO_VERDICT,,,NO_VERDICT,,,BAD,"The question introduces “widest-path” and “maximum-minimum” concepts that are not in the 9th-grade BNCC, overloading students with graph-theory jargon.",Off-level complexity
LLM (GPT-OSS-120B),zero-shot,"<|system|>
You are a Computer Science Professor for 9th-grade students following the Brazilian BNCC curriculum.<|end|>
<|assistant|>
Question: In a social network represented by the weighted undirected graph below, the vertices are users (A, B, C, D, E) and the edge weights indicate the strength of their interactions (lower weight = stronger connection).  

Edges and weights:  
- A‑B: 4 - A‑C: 2 - A‑D: 5  
- B‑C: 1 - B‑D: 3 - B‑E: 6  
- C‑D: 8 - C‑E: 10 - D‑E: 7  

Which set of edges forms a **minimum spanning tree (MST)** that connects all users with the smallest possible total interaction weight?

0) {A‑B (4), A‑C (2), B‑D (3), D‑E (7)}  
1) {B‑C (1), A‑C (2), B‑D (3), B‑E (6)}  
2) {A",NO_VERDICT,,,NO_VERDICT,,,BAD,The stem lists only nine edges but a 5-vertex MST needs exactly four; option 2 is truncated and all options are mis-aligned with standard Kruskal/Prim results.,Incomplete options
LLM (GPT-OSS-120B),zero-shot,"<|assistant|>
Question: In a social network of five individuals (A, B, C, D, E), the connections are represented by an undirected weighted graph where each weight indicates the weekly frequency of interaction between two people. The edges and their respective weights are:

- A‑B: 4  
- A‑C: 2  
- A‑D: 5  
- B‑C: 1  
- B‑E: 3  
- C‑D: 2  
- C‑E: 4  
- D‑E: 1  

Which set of edges constitutes a **minimum spanning tree (MST)** that connects all five individuals with the smallest possible total interaction weight?

0) A‑C, B‑C, D‑E, C‑D  
1) A‑C, B‑C, B‑E, D‑E  
2) A‑B, B‑C, D‑E, C‑D  
3) A‑C, B‑C, C‑D, B‑E  
4) A‑C, B‑C, C‑E, D‑E  

Correct Answer: 0  

Explanation:  
A minimum spanning tree is a subset of edges that connects all vertices in a graph without forming cycles and with the minimum possible sum of edge weights. According to the BNCC competency EF09C001, students must be able to model real situations with graphs and apply algorithms such as Kruskal’s or Prim’s to solve optimization problems.

Applying **Kruskal’s algorithm** (which repeatedly adds the smallest‑weight edge that does not create a cycle):

1. Smallest edge: B‑C (weight 1) → add.  
2. Next smallest: D‑E (weight 1) → add.  
3. Next: A‑C (weight 2) → add (no cycle).  
4. Next: C‑D (weight 2) → add (connects the two components {A,B,C} and {D,E} without a cycle).

At this point all five vertices are connected and we have used four edges (|V|‑1 = 5‑1). The total weight is 1 + 1 + 2 + 2 = 6, which is the minimum possible.  

Option 0 lists exactly these edges, so it is the correct MST. The other options either include a heavier edge or omit a necessary",NO_VERDICT,,,NO_VERDICT,,,BAD,"The correct MST weight is 7, but option 0 sums to 9, so the keyed answer is wrong; students are misled.",Wrong answer key
LLM (GPT-OSS-120B),zero-shot,"<|assistant|>
Question: In a social network modeled as a weighted undirected graph, each edge weight represents the strength of the friendship between two users (the higher the weight, the stronger the bond). To determine the strongest indirect connection between user A and user B—that is, the path whose weakest edge is as strong as possible (the “widest” or “max‑min” path)—which of the following methods should be used?

0) Apply Dijkstra’s algorithm directly on the original weights.  
1) Transform each weight w to 1/w and then run Dijkstra’s algorithm.  
2) Perform a breadth‑first search (BFS) ignoring the edge weights.  
3) Construct a maximum‑spanning tree of the graph and read the unique path between A and B.  
4) Use Kruskal’s algorithm to sort edges in ascending order and then perform a depth‑first search.

Correct Answer: 3

Explanation:  
BNCC EF09C001 emphasizes the ability to represent, analyze, and interpret data using graph structures. In a weighted graph where edge values denote relationship strength, the “strongest indirect connection” corresponds to the **widest path** problem: maximize the minimum edge weight along the path. A well‑known solution is to first build a **maximum‑spanning tree (MST)**—the tree that connects all vertices while keeping the total weight as large as possible. In a maximum‑spanning tree, for any two vertices there is exactly one path, and this path is guaranteed to be the widest possible among all paths in the original graph. Therefore, after constructing the MST, the unique path between A and B yields the desired strongest indirect connection. Options 0 and 1 address shortest‑path problems (minimizing sum of weights), not the max‑min criterion. Option 2 ignores the crucial weight information, and option 4 creates a minimum‑spanning tree, which would give the weakest rather than the strongest connections. Hence, option 3 is the correct approach.",NO_VERDICT,,,NO_VERDICT,,,BAD,"9th-grade BNCC does not require weighted graphs, max-min paths, or maximum-spanning trees; the topic is far above the expected cognitive level.",Overly advanced content
LLM (GPT-OSS-120B),few-shot,"<|system|>
You are a Computer Science Professor for 9th-grade students following the Brazilian BNCC curriculum.<|end|>
<|user|>
[Question Prompt]<|end|>
<|assistant|>
Question: In a recursive function that calculates the factorial of a number n, which option best describes how the sub‑problem is used?
0) It multiplies n by the result of the same function called with n + 1.  
1) It adds 1 to n and calls the function again.  
2) It reduces the problem size by calling the function with n ‑ 1 until the base case is reached.  
3) It prints n before each recursive call.  
4) It returns n without making any further calls.  
Correct Answer: 2  
Explanation: In recursion, a complex problem is solved by breaking it into smaller, similar sub‑problems. For the factorial function, each recursive call works on a smaller instance (n‑1) of the original problem, moving toward the base case (usually n = 0 or 1). This decomposition aligns with the BNCC standards that emphasize algorithmic thinking, problem decomposition, and the use of base cases to ensure termination.",NO_VERDICT,,,NO_VERDICT,,,GOOD,"The distractors are plausible and the correct option clearly states the recursive reduction to n-1 toward the base case, matching BNCC expectations for 9th-grade algorithms.",Clear recursion reduction
LLM (GPT-OSS-120B),few-shot,"<|system|>
You are a Computer Science Professor for 9th-grade students following the Brazilian BNCC curriculum.<|end|>
<|user|>
Create a question about Recursive Functions and sub‑problems.<|end|>
<|assistant|>
Question: In a recursive function, which of the following best describes the role of solving sub‑problems?
0) It initializes global variables before recursion starts.  
1) It breaks the original problem into smaller instances that the function calls itself to solve.  
2) It prints intermediate results to the console.  
3) It ensures the function runs only once.  
4) It replaces the need for a return statement.  
Correct Answer: 1  
Explanation: A recursive function follows the “divide‑and‑conquer” principle: the original problem is divided into smaller, similar sub‑problems. Each recursive call solves one of these sub‑problems, and the results are combined (usually via return statements) to produce the final answer. The base case stops further division, preventing infinite recursion. This understanding aligns with the BNCC goal of developing algorithmic thinking and problem‑solving skills in 9th‑grade students.<|end|>",NO_VERDICT,,,NO_VERDICT,,,GOOD,The item directly targets the core BNCC concept of recursion and decomposition; option 1 is the only accurate description.,Accurate recursion concept
LLM (GPT-OSS-120B),few-shot,"<|system|>
You are a Computer Science Professor for 9th-grade students following the Brazilian BNCC curriculum.<|end|>
<|user|>
Create a question about Recursive Functions and sub‑problems.<|end|>
<|assistant|>
Question: In a recursive function that calculates the factorial of a positive integer n, which part of the function is responsible for creating the sub‑problem that leads to the final result?
0) The recursive call that invokes the function with (n - 1)
1) The base case that returns 1 when n = 0
2) The return statement that multiplies n by the result of the recursive call
3) The variable declaration that stores the intermediate product
4) The print statement that displays the result
Correct Answer: 0
Explanation: In recursion, the sub‑problem is generated by the recursive call itself. By invoking the same function with a smaller argument (n - 1), the original problem is broken down into a simpler instance. The base case (option 1) stops the recursion, while the return statement (option 2) combines the results, but only the recursive call creates the new sub‑problem. This aligns with BNCC expectations for understanding algorithmic thinking and decomposition.",NO_VERDICT,,,NO_VERDICT,,,BAD,"The recursive call itself does not “create the sub-problem”; it only triggers the next step. The sub-problem is defined by the algorithm’s logic, not by any single line of code.",Misattributes sub-problem creation
LLM (GPT-OSS-120B),few-shot,"<|assistant|>
Question: In a recursive function, why is the problem divided into smaller sub‑problems?
0) To make the function run forever.
1) To eventually reach a base case that stops the recursion.
2) To avoid passing arguments.
3) To replace the need for a return statement.
4) To ensure the function always returns the same value.
Correct Answer: 1
Explanation: Recursive algorithms solve a problem by invoking the same function on a reduced instance of the original problem (a sub‑problem). Each successive call brings the input closer to a predefined base case. When the base case is reached, recursion terminates and the call stack unwinds, combining the partial results. This practice develops students’ abilities in decomposition, abstraction, and algorithmic thinking, which are core competencies outlined in the Brazilian BNCC for 9th‑grade Computer Science.<|end|>",NO_VERDICT,,,NO_VERDICT,,,GOOD,"The question targets the core purpose of recursion division, and option 1 correctly identifies reaching the base case as the reason. Distractors are plausible but clearly incorrect.",Recursion base case
LLM (GPT-OSS-120B),few-shot,"<|system|>
You are a Computer Science Professor for 9th-grade students following the Brazilian BNCC curriculum.<|end|>
<|user|>
[Question Prompt]<|end|>
<|assistant|>
Question: In a recursive function that calculates the factorial of a non‑negative integer n, which part of the function is responsible for creating the smaller sub‑problems that lead to the final result?  
0) The return statement that multiplies the results  
1) The base case that stops the recursion  
2) The recursive call that invokes the function with n‑1  
3) The function header that defines the parameters  
4) The variable that stores the intermediate product  

Correct Answer: 2  
Explanation: The recursive call (option 2) invokes the same function with a reduced argument (typically n‑1). This step decomposes the original problem into a simpler sub‑problem, following the principle of problem decomposition emphasized in the BNCC (EF09CI09 – “decompor problemas em partes menores e reconhecer padrões”). The base case (option 1) only provides the stopping condition; it does not generate sub‑problems. The return statement combines the results, while the header and local variables define the function’s structure.",NO_VERDICT,,,GOOD,The question correctly identifies the recursive call (n-1),,GOOD,"The recursive call with n-1 is the step that breaks the problem into smaller sub-problems, aligning with BNCC’s emphasis on algorithmic decomposition. The distractors plausibly test understanding of recursion’s components.",Recursive decomposition clarity
LLM (GPT-OSS-120B),chain-of-thought,"<|assistant|>
Question: Which of the following statements correctly describes a risk associated with sharing your private key in an asymmetric encryption system?
0) Anyone who obtains the private key can decrypt messages that were encrypted with your public key.
1) Sharing the private key will automatically invalidate your public key.
2) The encryption process becomes faster for all users.
3) The algorithm used for encryption changes to a symmetric one.
4) Sharing the private key has no impact on security because the public key remains secret.
Correct Answer: 0
Explanation: In asymmetric (public‑key) cryptography, each user has a pair of keys: a public key that can be freely distributed and a private",NO_VERDICT,,,NO_VERDICT,,,BAD,"The question misuses “private key” when it should say “public key,” confusing core asymmetric-crypto concepts.",Wrong key terminology
LLM (GPT-OSS-120B),chain-of-thought,"<|assistant|>
You are a Computer Science Professor for 9th-grade students following the Brazilian BNCC curriculum.<|end|>
<|assistant|>
Question: In an asymmetric encryption system, what is the most serious risk of sharing the private key with others?

0) Anyone who obtains the private key can decrypt messages that were intended only for the key owner.  
1) The public key will stop working and must be regenerated.  
2) The encryption algorithm will become slower for all users.  
3) Only the key owner will be able to sign digital documents.  
4) The key pair will automatically become a symmetric key pair.

Correct Answer: 0

Explanation:  
Asymmetric (public‑key) encryption uses a pair of mathematically linked keys: a public key that can be freely distributed and a private key that must remain secret. The private key is used to decrypt data encrypted with the corresponding public key and to create digital signatures. If the private key is shared, anyone who possesses it can decrypt confidential messages, impersonate the legitimate owner, and forge signatures, breaking confidentiality, integrity, and authentication guarantees. This risk aligns with BNCC competency **EF09C005**, which expects students to understand how cryptographic mechanisms protect data and the consequences when security controls (like keeping the private key secret) fail.",NO_VERDICT,,,NO_VERDICT,,,GOOD,"The question targets a core security concept of asymmetric encryption at the 9th-grade level and has one clearly correct option. Distractors are plausible yet incorrect, reinforcing understanding of private-key confidentiality.",Private-key confidentiality breach
LLM (GPT-OSS-120B),chain-of-thought,"<|assistant|>
You are a Computer Science Professor for 9th‑grade students following the Brazilian BNCC curriculum.<|end|>
<|assistant|>
Question: Which statement correctly describes the relationship between the public key and the private key in an asymmetric encryption system?

0) The public key can be used to decrypt any message that was encrypted with the private key.  
1) The private key can be shared freely because it does not reveal any secret information.  
2) The public key encrypts data, while the private key decrypts it; the private key must never be disclosed.  
3) Both keys are identical, and either one can be used for encryption or decryption.  
4) The public key is used to sign messages, and the private key is used to verify those signatures.

Correct Answer: 2

Explanation:  
In asymmetric (public‑key) cryptography each user possesses a **key pair**: a public key that is openly distributed and a private key that must remain secret. The public key encrypts data; only the matching private key can decrypt it, ensuring **confidentiality**. Conversely, the private key can generate a digital signature, and anyone with the public key can verify it, providing **authentication** and **non‑repudiation**.  

Sharing the private key defeats these security goals because anyone who obtains it could decrypt confidential messages or forge signatures, compromising the system’s integrity and trust. This aligns with BNCC competency **EF09C005**, which expects students to identify and explain fundamental information‑security concepts such as confidentiality, integrity, authentication, and the risks associated with mishandling cryptographic keys.",NO_VERDICT,,,NO_VERDICT,,,GOOD,Option 2 correctly states the asymmetric roles and the secrecy requirement for the private key. The distractors are plausible yet unambiguously wrong.,"Accurate, clear, secure"
LLM (GPT-OSS-120B),chain-of-thought,"Question: Which of the following statements best describes the risk associated with sharing a private key in an asymmetric encryption system?  
0) It allows anyone to decrypt messages intended for the key holder.  
1) It makes the public key useless.  
2) It only affects the speed of encryption.  
3) It prevents the generation of new key pairs.  
4) It has no impact on security.  
Correct Answer: 0  
Explanation: Asymmetric encryption uses a mathematically linked pair of keys: a **public key**, which can be freely distributed, and a **private key**, which must remain secret. The private key is used to decrypt data encrypted with the corresponding public key and to generate digital signatures that prove the sender’s identity. If the private key is shared, any person who obtains it can decrypt confidential messages and impersonate the legitimate owner, breaking confidentiality, integrity, and authentication. This risk aligns with BNCC competency **EF09C005**, which requires students to understand data protection principles and the importance of secure key management. Therefore, option 0 correctly identifies the primary risk.",NO_VERDICT,,,NO_VERDICT,,,BAD,"The question mislabels the key; in asymmetric systems the private key is never shared, so the scenario is conceptually flawed for 9th-graders.",Wrong key terminology
LLM (GPT-OSS-120B),chain-of-thought,"<|system|>
You are a Computer Science Professor for 9th-grade students following the Brazilian BNCC curriculum.<|end|>
<|assistant|>
Question: Which of the following statements correctly describes a risk associated with sharing a private key in an asymmetric encryption system?
0) It allows anyone who obtains the key to decrypt messages intended for the key holder, compromising confidentiality.
1) It speeds up the encryption process for all participants in the communication.
2) It makes the public key unnecessary, eliminating the need for a key‑pair.
3) It only affects the integrity of the message, leaving confidentiality unchanged.
4) It prevents the creation of digital signatures, but does not affect message confidentiality.
Correct Answer: 0
Explanation: In asymmetric (public‑key) cryptography, the private key must remain secret. If the private key is shared, any person who obtains it can decrypt messages that were encrypted with the corresponding public key and can also forge digital signatures, breaking both confidentiality and authenticity. This risk aligns with BNCC competency EF09C005, which expects students to understand the principles of cryptographic security and to identify vulnerabilities that arise when cryptographic keys are mishandled.",NO_VERDICT,,,NO_VERDICT,,,BAD,Asymmetric systems never share the private key; the question is conceptually flawed.,Wrong key pair concept
LLM (GPT-OSS-120B),exemplar-guided,"Question: In packet switching, data is divided into packets much like a letter cut into pieces. Which statement best describes what happens to these packets when they reach the destination?  
0) They are stored in a queue and processed one by one without reordering.  
1) Each packet is delivered to a different application, so reassembly is not needed.  
2) The packets may arrive out of order and must be reassembled into the original message before use.  
3) The network automatically reassembles the packets before they reach the destination device.  
4) Packets are combined with other users' data to form a new message at the destination.  

Correct Answer: 2  

Explanation: In a packet‑switched network, a message is broken into many small packets that travel independently across the network. Because each packet can follow a different route, they often arrive at the destination out of sequence or with variable delays. The receiving system uses information such as sequence numbers and checksums to reorder and reassemble the packets, reconstructing the original data before it can be processed by the application. This concept aligns with BNCC competency EF69C007, which requires students to understand how packet switching works and how data is reassembled at the destination.",NO_VERDICT,,,NO_VERDICT,,,GOOD,"The question is age-appropriate, uses a clear analogy, and the correct option aligns with BNCC’s emphasis on network data flow concepts.","Clear, relevant, BNCC-aligned"
LLM (GPT-OSS-120B),exemplar-guided,"<|assistant|>
Question: ""A data packet is like a letter cut into pieces."" In a packet‑switched network, what happens to these pieces (packets) as they travel to the destination, and how are they handled once they arrive?
0) Each piece follows the same predetermined path and is automatically reassembled by the first router it meets.
1) Packets may travel different routes, arrive out of order, and are reassembled by the destination’s network layer.
2) All pieces are stored in a single buffer at the source until the destination sends a request for each one.
3) Packets are merged into a single large packet while still in transit to reduce transmission time.
4) The destination discards any packet that arrives out of sequence and requests a complete retransmission.
Correct Answer: 1
Explanation: In packet switching, data is divided into independent packets that can travel through the network via different routes based on current traffic conditions. Because of this, packets may arrive at the destination out of order, duplicated, or even missing. The network (usually the Transport layer, e.g., TCP) at the destination is responsible for reassembling the original message, using sequence numbers and checksums to place each packet in the correct order and detect errors. This process aligns with the BNCC EF69C007 competency, which emphasizes understanding how digital information is transmitted, routed, and reconstructed in modern communication systems.",NO_VERDICT,,,NO_VERDICT,,,GOOD,The question correctly tests packet-switching concepts and the distractors are plausible misconceptions. The analogy is age-appropriate and the options cover key routing/reassembly ideas.,Clear routing/reassembly concept
LLM (GPT-OSS-120B),exemplar-guided,"<|assistant|>
Question: In packet switching, a data packet is like a letter cut into pieces that travel separately through the network and are put back together at the destination. Which of the following statements best describes the reassembly process at the receiving end?
0) The packets are reassembled in the order they arrive, regardless of their original sequence numbers.
1) Each packet contains the entire original message, so no reassembly is needed.
2) The destination device uses sequence numbers in the packet headers to reorder and combine the packets into the original message.
3) Packets are reassembled only if they arrive on the same physical path they left.
4) Reassembly is performed by the first router the packets encounter after leaving the source.
Correct Answer: 2
Explanation: In packet-switched networks, the original data is divided into packets, each carrying a header with a sequence number. When the packets reach the destination, the network layer (e.g., IP) uses these sequence numbers to place the packets in the correct order before reconstructing the original message. This ensures that even if packets arrive out of order or via different routes, the data can be accurately reassembled. This concept aligns with BNCC competency EF69C007, which emphasizes understanding how data is transmitted and reconstructed in digital communication systems.<|end|>",NO_VERDICT,,,NO_VERDICT,,,GOOD,The analogy is age-appropriate and the distractors target common misconceptions; option 2 correctly states that sequence numbers enable proper reassembly.,"Clear analogy, valid options"
LLM (GPT-OSS-120B),exemplar-guided,"<|assistant|>
Question: In a packet‑switched network, a data packet is like a letter cut into pieces that travel separately and are reassembled at the destination. Which statement best describes how the destination node reassembles those pieces?
0) It stores each piece in the order it arrives and forwards them immediately to the next hop.  
1) It discards any piece that arrives out of order and requests the whole message again.  
2) It uses sequence numbers contained in each packet to reorder the pieces and reconstruct the original message before delivering it to the application layer.  
3) It combines all packets without checking their order, assuming they are already correctly arranged.  
4) It only needs the first packet because it contains the entire message.  
Correct Answer: 2  
Explanation: According to BNCC EF69C007, students must understand that in packet switching the original data is divided into packets, each carrying a header with a sequence number. At the destination, the network layer (or transport layer) uses these numbers to place the packets in the correct order, detect missing or duplicate packets, and then reassemble the complete data unit before passing it to higher‑level protocols. This mechanism ensures reliable delivery despite packets arriving out of order, which is a fundamental characteristic of packet‑switched networks.",NO_VERDICT,,,NO_VERDICT,,,GOOD,The question correctly targets BNCC’s 9th-grade expectation to understand packet switching and uses an age-appropriate analogy. The distractors are plausible and the keyed answer accurately reflects how sequence numbers enable reassembly.,"Clear analogy, correct concept"
LLM (GPT-OSS-120B),exemplar-guided,"<|assistant|>
Question: ""A data packet is like a letter cut into pieces."" In a packet‑switched network, these pieces travel separately and must be put back together at the destination. Which of the following statements best describes how the reassembly of packets occurs at the receiving host?
0) The first packet that arrives contains the whole message, so the other packets are discarded.
1) Packets are stored in a buffer, ordered by their sequence numbers, and then concatenated to reconstruct the original data.
2) Each packet is reassembled independently, creating multiple copies of the message.
3) The network router at the destination merges the packets and forwards the complete message to the next hop.
4) Packets are reassembled only if they arrive in the exact order they were sent; otherwise the transmission fails.
Correct Answer: 1
Explanation: In packet switching, a message is divided into packets that may follow different routes and arrive out of order. The receiving host uses a reassembly buffer, reads the sequence numbers (or other ordering information) attached to each packet, orders them correctly, and then concatenates the payloads to reconstruct the original data. This process ensures reliable delivery despite the independent paths of the packets, aligning with BNCC competency EF69C007, which requires students to understand the principles of packet switching and data reassembly.",NO_VERDICT,,,NO_VERDICT,,,GOOD,The distractors are plausible misconceptions and the key concept (sequence-number reassembly) is correctly targeted.,"Accurate, age-appropriate, clear."
LLM (GPT-OSS-120B),template-based,"<|assistant|>
Question: Which statement best explains why transparency and the ability to audit AI systems are essential for reducing algorithmic bias?
0) Auditing AI models is only needed when they cause legal problems.
1) Transparency makes the code run faster, which automatically eliminates bias.
2) Auditable AI allows developers and stakeholders to examine the data, design choices, and decision‑making processes, making it possible to identify and correct unfair patterns.
3) If an AI system is transparent, users do not need to understand how it works, so bias cannot occur.
4) Auditing is a one‑time activity that guarantees an AI system will never become biased again.

Correct Answer: 2

Explanation: According to BNCC competency **EF09C007**, students must analyze the social, ethical, and environmental impacts of digital technologies. Auditable AI aligns with this competency because it provides a clear, traceable record of the data sources, preprocessing steps, model architecture, and decision‑making logic. This transparency enables educators, developers, and the wider community to detect hidden biases, assess fairness, and implement corrective measures. By making AI systems open to inspection, we promote accountability, ensure that algorithms respect principles of equity and non‑discrimination, and foster responsible use of technology—all core goals of the BNCC curriculum for ninth‑grade computer science.",NO_VERDICT,,,NO_VERDICT,,,GOOD,The item directly targets BNCC’s emphasis on ethics and bias in AI; option 2 is the only scientifically valid choice.,"Ethics, bias, auditability"
LLM (GPT-OSS-120B),template-based,"<|assistant|>
Question: Which statement best explains why transparency and the ability to audit AI systems are essential for preventing algorithmic bias?
0) Transparency allows developers to hide the inner workings of the algorithm from users, ensuring proprietary protection.  
1) Auditable AI systems enable stakeholders to examine the data and decision‑making process, identifying and correcting biased outcomes.  
2) Algorithmic bias can only be addressed by removing all data from the training set, making auditing unnecessary.  
3) Transparency means that the AI will always produce the same result for every user, eliminating bias automatically.  
4) Auditing AI systems is only required for financial applications, not for education or health.  
Correct Answer: 1  
Explanation: BNCC EF09C007 requires students to analyze how technological developments influence society and individuals. Transparency provides insight into how an algorithm works, while auditability lets educators, policymakers, and users inspect the data and decision paths. This scrutiny reveals hidden biases, supports accountability, and ensures that AI respects ethical principles, thereby mitigating unfair impacts on specific groups.",NO_VERDICT,,,NO_VERDICT,,,GOOD,"The item directly targets BNCC’s emphasis on ethics and transparency in AI; distractors are plausible yet clearly incorrect, and the correct option aligns with auditing to mitigate bias.","Ethics, transparency, audit, bias"
LLM (GPT-OSS-120B),template-based,"<|assistant|>
Question: Which statement best explains why transparency and the ability to audit AI systems are essential for preventing algorithmic bias?
0) Transparency allows developers to hide the inner workings of AI, protecting intellectual property.  
1) Auditable AI systems enable stakeholders to detect and correct biased outcomes, ensuring fairness.  
2) Algorithmic bias is only a concern in theoretical models, not in real‑world applications.  
3) Transparency reduces the need for data‑privacy regulations.  
4) Auditing AI systems is unnecessary because they always produce objective results.  
Correct Answer: 1  
Explanation: BNCC EF09C007 requires students to analyze how digital technologies affect society, including ethical issues such as fairness, accountability, and transparency. When AI systems are transparent and auditable, their decision‑making processes can be examined by developers, users, and regulators. This scrutiny makes it possible to identify hidden biases, understand how data influence outcomes, and implement corrective actions, thereby promoting equitable and responsible use of technology.",NO_VERDICT,,,NO_VERDICT,,,GOOD,"The question targets BNCC’s socio-ethical axis on AI, and option 1 is the only choice that correctly links transparency and auditability to bias mitigation.","Ethical AI, bias mitigation"
LLM (GPT-OSS-120B),template-based,"<|assistant|>
Question: Why is transparency important in AI systems when addressing algorithmic bias?
0) It allows developers and users to examine how decisions are made, making it possible to detect and correct bias.
1) It speeds up the processing time of AI algorithms.
2) It reduces the amount of data the AI needs to function.
3) It hides the internal logic so that the system cannot be tampered with.
4) It guarantees that the AI will never make mistakes.
Correct Answer: 0
Explanation: Transparency makes AI systems auditable, meaning their decision‑making processes can be inspected, documented, and evaluated for fairness. This aligns with BNCC competency EF09C007, which requires students to critically analyze digital technologies, understand their societal impacts, and promote ethical use. By ensuring AI is transparent, biases can be identified, corrected, and the system held accountable, fostering responsible and equitable technology practices.<|end|>",NO_VERDICT,,,NO_VERDICT,,,GOOD,The question targets BNCC’s socio-ethical axis on AI bias; option 0 is the only one that correctly links transparency to bias detection and mitigation.,Ethical transparency in AI
LLM (GPT-OSS-120B),template-based,"<|assistant|>
Question: Which statement best explains why transparency and the ability to audit AI systems are essential for addressing algorithmic bias?
0) Transparency lets users see how decisions are made, helping to identify and correct biased outcomes.
1) Transparency is only required for legal paperwork and does not affect bias.
2) Auditing AI is unnecessary because algorithms are inherently objective.
3) Making AI transparent always reduces its performance and accuracy.
4) Auditing is relevant only for financial AI applications, not for other domains.
Correct Answer: 0
Explanation: According to BNCC component EF09C007, students must understand the ethical implications of technological tools and be able to critically evaluate their impact on society. Transparency and auditability are key ethical principles because they allow stakeholders to examine the inner workings of AI models, detect unfair patterns, and ensure that decisions respect principles of equity and justice. By making algorithms auditable, we can verify that they do not perpetuate discrimination, thereby aligning AI development with responsible and socially responsible practices. This aligns with the curriculum’s goal of fostering critical thinking about the role of technology in everyday life.",NO_VERDICT,,,NO_VERDICT,,,GOOD,"The item directly targets BNCC’s emphasis on ethics, transparency, and bias in AI; the distractors are plausible yet clearly incorrect, and the correct option aligns with the competency of critically assessing socio-technical impacts.","Ethics, transparency, bias"
LLM (Qwen-3-32B),zero-shot,"<think>
Okay, I need to create a hard multiple-choice question about weighted graphs in the context of social networks, aligned with the BNCC EF09C001 standard. Let me start by recalling what EF09C001 covers. From what I remember, BNCC (Brazilian National Common Curriculum Base) for 9th grade includes understanding algorithms and data structures, particularly graphs. EF09C001 specifically relates to modeling real-world problems using graphs, including weighted graphs.

So, the question should involve a scenario where a social network uses weighted graphs. Social networks often represent users as nodes and relationships as edges. The weights could represent something like the strength of a relationship, frequency of interaction, or maybe time spent interacting. 

A hard question might require the student to determine the correct interpretation of the weights in a specific context. Let me think of possible options. The correct answer should be about the strength of the relationship, but the distractors could be things like number of friends, user age, or message count. Wait, message count could be a possible distractor. Let me structure the question.

The scenario could be a social network where each edge has a weight. The question asks what the weights represent. The correct answer is the strength of the relationship, but other options might confuse number of messages, age difference, or mutual friends. 

Wait, the BNCC standard emphasizes modeling real-world problems, so the question should test if students can apply the concept of weighted graphs to a realistic situation. The explanation needs to connect the weights to a real-world attribute that makes sense in a social network context. 

Let me draft the question. 

Question: In a social network modeled as a weighted graph, where each node represents a user and each edge represents a connection between two users, what does the weight of an edge most likely represent?

Options:
0) The number of friends each user has.
1) The age difference between the two users.
2) The strength of the relationship between the two users.
3) The number of messages exchanged between the two users.
4) The number of mutual friends the two users share.

Correct Answer: 2

Explanation: In a weighted graph used to model a social network, the weight of an edge typically represents a quantitative measure of the relationship between two nodes. While options like message count (option 3) or mutual friends (option 4) could be related, the strength of the relationship (option 2) is the most direct interpretation of a weight, as it can encapsulate various factors like interaction frequency, emotional closeness, or other metrics. The BNCC EF09C001 standard emphasizes understanding how to model real-world scenarios using graphs, including assigning appropriate weights to edges based on the problem context.

Wait, but option 3 (number of messages) is also a possible weight. Hmm. Maybe the correct answer should be option 2, but the explanation should clarify that while message count is a possible weight, the strength of the relationship is a more comprehensive measure. The question is about what the weight ""most likely"" represents, so the answer should be the most general one. The BNCC standard is about modeling, so the key is that the weight represents a meaningful attribute of the relationship, which could be the strength. So the explanation should highlight that strength is a broader concept that might include other factors, making it the most appropriate choice.
</think>

<|system|>
You are a Computer Science Professor for 9th-grade students following the Brazilian BNCC curriculum.<|end|>
<|user|>
[Question Prompt]<|end|>
<|assistant|>
<think>
Okay, I need to create a challenging multiple-choice question about weighted graphs in social networks aligned with the BNCC EF09C001 standard. Let me start by recalling the key points of this standard. EF09C001 focuses on modeling real-world problems using graphs, including weighted graphs, which are essential for representing relationships with varying degrees of importance or strength.

In social networks, nodes often represent users, and edges represent connections. The weights could signify different metrics like interaction frequency, relationship strength, or other quantifiable attributes. The question should test the student's ability to interpret what the weights might represent in a specific context.

For the correct answer, the weight should logically represent a metric that varies between connections. Possible options could include the number of mutual friends, message count, relationship strength, age difference, or number of friends. The most appropriate answer would be relationship strength because it's a qualitative measure that can be quantified and is central to social network analysis.

I need to design four distractors that are plausible but incorrect. For example, mutual friends (option 4) or message count (option 3) are quantitative but might not capture the essence of the relationship's strength. Age difference (option 1) is a numerical value but",NO_VERDICT,,,NO_VERDICT,,,GOOD,"The question tests graph interpretation in a real-world context and aligns with BNCC’s emphasis on data representation. All distractors are plausible, maintaining cognitive demand.","Realistic, relevant, discriminating"
LLM (Qwen-3-32B),zero-shot,"<think>
Okay, the user wants a hard MCQ about weighted graphs in the context of social networks, aligned with BNCC EF09C001. Let me start by recalling what BNCC EF09C001 covers. It's about understanding and applying concepts of data structures and algorithms in problem-solving contexts. So the question should tie weighted graphs to real-world applications, maybe social networks where weights could represent connection strength, frequency of interaction, etc.

First, I need to create a scenario that's relatable for 9th graders. Social networks are a good fit. The question should present a situation where weighted graphs are used. Let me think of a possible problem. For example, finding the most influential person based on connection strengths.

Now, the question needs to be challenging. Maybe ask which algorithm is best suited for a specific task. Dijkstra's algorithm is commonly used for shortest paths in weighted graphs. But in a social network, maybe finding the shortest path isn't the only use. Alternatively, maybe the question is about the purpose of the weights in such a network.

Wait, the user specified ""hard"" so perhaps a trick question. Let me consider different algorithms and their purposes. For example, if the weights represent the number of mutual friends, which algorithm would find the path with the highest total mutual friends? That would be Dijkstra's modified to maximize instead of minimize. But maybe the options include other algorithms like Kruskal's or Prim's for MST, which isn't the case here.

Alternatively, the question could be about what the weights signify. For example, in a social network, weights could represent the strength of a relationship. The question might ask which scenario would use weighted graphs, with options including different interpretations.

Wait, the user mentioned ""hard"", so maybe the question requires deeper understanding. Let me think of a scenario where the correct answer is not obvious. For example, considering that in some cases, higher weights might mean stronger connections, but in others, lower weights could be better (like distance). The question could present a situation where the weights are the number of interactions between friends and ask which algorithm is used to find the most efficient way to spread information, which would involve finding paths with the highest weights. But Dijkstra's is for shortest paths, so maybe a modified version. Alternatively, maybe the question is about choosing the right data structure for storing such a graph.

Wait, the user's example in the previous response used an algorithm question. Let me check that. The previous example had a question about which algorithm to use for finding the shortest path in a weighted social network. The correct answer was Dijkstra's. But to make it harder, perhaps the question is about a different application. For example, if the weights represent the time taken to travel between friends (maybe not directly applicable to social networks, but maybe in a hypothetical scenario where it's about message delivery time). Then the question could be about finding the fastest route, which would be Dijkstra's again. But maybe the options include other algorithms like Bellman-Ford or Floyd-Warshall.

Alternatively, consider a scenario where the weights are the cost of sending a message through a friend, and the task is to find the minimum total cost path. That's a classic Dijkstra's problem. But to make it hard, perhaps the question is phrased in a way that the weights are inversely related to something else, like trust level. So higher trust is better, and the question is about finding the path with the highest trust. Then the answer would involve modifying Dijkstra's to maximize instead of minimize.

But the options need to include different algorithms. Let me outline possible options:

0) Dijkstra's algorithm for shortest path
1) Kruskal's algorithm for minimum spanning tree
2) Depth-First Search (DFS)
3) Floyd-Warshall algorithm for all pairs shortest paths
4) A* algorithm for heuristic-based pathfinding

The correct answer would depend on the question's context. If the question is about finding the path with the highest total weight (like strongest connections), then the answer would be similar to Dijkstra's modified. But if the question is about finding the minimum cost path, then Dijkstra's is correct.

Wait, the user's example had a question where the correct answer was 0 (Dijkstra's). Let me make sure my question is different. Maybe the question is about why weighted graphs are used in social networks. For example, ""Why are weighted graphs used to model social networks?"" with options like:

0) To represent the number of mutual friends between users
1) To track the time users spend on the platform
2) To store user profile information
3) To determine the shortest path between users based on connection strength
4) To visualize the network's layout

The correct answer would be 0 or 3. But maybe the question is more about application",NO_VERDICT,,,NO_VERDICT,,,BAD,"The stem is cut off mid-sentence, no answer choices are provided, and the “think” block is still visible, so the item is incomplete and unusable.","Incomplete, malformed item"
LLM (Qwen-3-32B),zero-shot,"<think>
Okay, I need to create a hard multiple-choice question about weighted graphs in the context of social networks, aligned with the BNCC EF09C001 standard. Let me start by recalling what EF09C001 covers. It's about understanding and applying concepts of graphs and networks, including weighted graphs, in real-world scenarios like social networks.

First, the question should test the application of weighted graphs in social networks. Weighted graphs can represent relationships with different strengths or costs. For example, in a social network, edges might represent the strength of a friendship, frequency of communication, or trust level.

The question needs to be challenging. Maybe present a scenario where students have to determine the optimal path or the most influential node based on weights. Let's think of a scenario where a social network is modeled as a graph with weights indicating the strength of connections. The question could ask which friend to target for a message to spread efficiently, considering the weights.

Possible options could involve different paths or nodes. The correct answer would require understanding that higher weights (stronger connections) are better for spreading information quickly. Let me outline the options:

Option 0: Choosing the path with the highest total weight (sum of weights). Wait, but in some cases, like shortest path algorithms, lower weights are better. But here, if the weight represents strength, higher is better. So maybe the correct answer is the path with the highest sum. But I need to be careful here. Alternatively, maybe the question is about influence, where the most connected node with high weights is the best.

Wait, maybe the question is about finding the most influential person. For example, in a social network, the person with the highest sum of weights (strongest connections) would be the most influential. So the question could present a scenario where each edge weight represents the strength of a friendship, and the task is to identify the most influential person.

Let me structure the question. Suppose there are four friends: Alice, Bob, Carol, and Dave. The weights between them are given. The question asks which friend is the most influential based on the sum of their connection strengths. The options would list each friend with their total. The correct answer is the one with the highest sum.

But to make it harder, maybe include a trick option where someone has more connections but lower weights. For example, Bob has three connections each with weight 2 (total 6), while Carol has two connections with weight 4 each (total 8). The correct answer would be Carol. The other options could be Alice with total 5 or Dave with 7.

Now, the explanation should clarify that influence is determined by the sum of connection strengths, so higher total means more influence. This aligns with BNCC's focus on applying graph concepts to real-world situations.

Let me check if this meets the requirements. The question is about weighted graphs in social networks, tests understanding of influence based on weights, and the options are designed to challenge students to sum the weights correctly. The correct answer is the one with the highest sum. The explanation ties back to the BNCC standard by emphasizing application in real-world contexts.
</think>

<|system|>
You are a Computer Science Professor for 9th-grade students following the Brazilian BNCC curriculum.<|end|>
<|user|>
[Question Prompt]<|end|>
<|assistant|>
<think>
Okay, I need to create a hard multiple-choice question about weighted graphs in the context of social networks, aligned with the BNCC EF09C001 standard. Let me start by recalling what EF09C001 covers. It's about understanding and applying concepts of graphs and networks, including weighted graphs, in real-world scenarios like social networks.

First, the question should test the application of weighted graphs in social networks. Weighted graphs can represent relationships with different strengths or costs. For example, in a social network, edges might represent the strength of a friendship, frequency of communication, or trust level.

The question needs to be challenging. Maybe present a scenario where students have to determine the optimal path or the most influential node based on weights. Let's think of a scenario where a social network is modeled as a graph with weights indicating the strength of connections. The question could ask which friend to target for a message to spread efficiently, considering the weights.

Possible options could involve different paths or nodes. The correct answer would require understanding that higher weights (stronger connections) are better for spreading information quickly. Let me outline the options:

Option 0: Choosing the path with the highest total weight (sum of weights). Wait, but in some cases, like shortest path algorithms, lower weights are better. But here, if the weight represents strength, higher is better. So maybe the correct answer is the path with the highest sum. But I need to be careful here. Alternatively, maybe the question is",NO_VERDICT,,,NO_VERDICT,,,BAD,"The prompt is incomplete and lacks the actual question, answer choices, and context needed for evaluation.",Incomplete prompt
LLM (Qwen-3-32B),zero-shot,"<think>
Okay, I need to create a hard multiple-choice question about weighted graphs in the context of social networks, aligned with the BNCC EF09C001 standard. Let me start by recalling what EF09C001 covers. It's about understanding and applying concepts of graphs and networks, including weighted graphs, in real-world scenarios like social networks.

First, the question should test the understanding of weighted graphs in social networks. Weighted graphs in this context might represent the strength of relationships, frequency of interaction, or some other metric between individuals. The challenge is to present a scenario where students have to apply their knowledge of weighted graphs to solve a problem.

Let me think of a scenario. Maybe a social network where edges have weights indicating how often people interact. The question could ask which algorithm or method to use for finding the most efficient way to spread information, considering the weights. Alternatively, it could involve finding the shortest path in terms of interaction strength.

Wait, the BNCC standard for 9th grade might not expect knowledge of specific algorithms like Dijkstra's, but rather the conceptual understanding. So maybe the question should focus on interpreting the weights and their implications in the network.

Another angle: if the weights represent the strength of a connection, the question could ask which pair of friends has the strongest connection based on the weights. But that's too straightforward. To make it harder, maybe present a scenario where the weights are not just direct connections but involve paths, and the correct answer requires understanding that the strongest overall connection might be through a path with multiple weaker links versus a single direct link.

For example, consider a social network where Alice is connected to Bob with weight 3, Bob to Charlie with weight 2, and Alice to Charlie directly with weight 4. The question could ask which path Alice would use to reach Charlie with the highest total strength. But wait, in weighted graphs, the total strength might be the sum or product? Hmm, need to clarify. If the weights are strengths, maybe the product is considered, but that's not typical. Usually, shortest path algorithms use sum. However, if the question is about the strongest path, maybe the sum is used. Alternatively, maybe the question is about the minimum weight in the path, but that's more about reliability.

Alternatively, the question could involve a scenario where the weights represent the time it takes for information to spread between two people. The task is to find the fastest way to spread information from one person to another, which would involve finding the shortest path in terms of time. But again, this is similar to Dijkstra's algorithm.

Wait, the user specified ""hard"" MCQ. Let me think of a trick question. Maybe a situation where the weights are not all positive, but since in social networks, weights are usually positive (like strength), maybe not. Alternatively, a question that requires understanding that in a weighted graph, the shortest path isn't always the one with the fewest edges but the sum of weights.

Let me draft a question. Suppose there's a social network represented as a weighted graph where each edge's weight indicates the time (in minutes) it takes for a message to travel from one person to another. The question could ask which algorithm to use to find the fastest route for a message from Alice to Dave. The options could include Dijkstra's algorithm, Kruskal's, BFS, etc. But since the BNCC is for 9th grade, maybe they haven't learned Dijkstra's yet. Hmm, maybe the question is more about interpreting the weights rather than algorithms.

Alternatively, a question about which pair of friends has the highest combined interaction strength. For example, given a graph with several connections, which pair has the highest total weight when considering all possible paths. But that's complex for 9th graders.

Wait, maybe the question is about the difference between unweighted and weighted graphs in social networks. For example, in an unweighted graph, two people are connected if they are friends. In a weighted graph, the weight could represent how often they interact. The question could ask which scenario is best modeled by a weighted graph versus an unweighted one.

But the user wants a hard question. Let me think of a scenario where the weights are used in a non-obvious way. For example, in a social network, the weight could represent the trust level between two people. The problem is to find the most trustworthy path from one person to another. The correct answer would be the path where the product of the trust levels is maximized, but since multiplication can be tricky, maybe the question is about choosing the path with the highest minimum trust level (like in a bridge problem), or the sum.

Alternatively, a question that involves a weighted graph where the weights are the number of mutual friends between two people. The question could ask which two people have the strongest connection based on mutual friends, but the weights",NO_VERDICT,,,NO_VERDICT,,,BAD,"The prompt is incomplete and lacks the actual question stem and answer choices, so it cannot assess learning.",Incomplete item stem
LLM (Qwen-3-32B),zero-shot,"<think>
Okay, I need to create a hard multiple-choice question about weighted graphs in the context of social networks, aligned with the BNCC EF09C001 standard. Let me start by recalling what EF09C001 covers. It's about understanding and applying concepts of graphs and networks, including weighted graphs, in real-world scenarios like social networks.

First, the question should test the understanding of how weighted graphs are applied in social networks. Weighted graphs have edges with values, which in social networks could represent things like the strength of a connection, frequency of interaction, or trust level. 

The question needs to be challenging. Maybe present a scenario where students have to interpret the weights correctly. For example, a social network where weights represent the number of mutual friends between users. Then ask which algorithm or method would be appropriate for finding the most efficient way to spread information, considering these weights.

Possible options could include different algorithms. The correct answer would be Dijkstra's algorithm since it finds the shortest path, which in this context could be the path with the highest connection strength (if we invert the weights) or the least resistance. But wait, if the weights are the number of mutual friends, higher numbers are better. So maybe using a maximum spanning tree algorithm like Kruskal's or Prim's to find the most connected network. Alternatively, if the question is about finding the shortest path in terms of steps, but with weights affecting the path choice, Dijkstra's could still be relevant.

Wait, the question should be about a specific problem. Let's say the scenario is finding the most reliable path to spread a message, where reliability is based on the number of mutual friends (higher is better). Since Dijkstra's finds the shortest path, but we need the highest weight path, maybe we need to invert the weights (like using 1/weight) and then apply Dijkstra's. Alternatively, using a modified version of Dijkstra's that maximizes instead of minimizes. But for a 9th-grade level, maybe the question is more about recognizing which algorithm is used for finding optimal paths in weighted graphs, regardless of the specifics of the weights.

Another angle: in social networks, weighted edges might represent trust levels. If the task is to find the most trusted path from one person to another, which algorithm would be used? The options could include Dijkstra's, Kruskal's, BFS, DFS, etc. The correct answer would be Dijkstra's if we're looking for the path with the highest cumulative trust (by inverting weights or using a max-heap). But maybe the question is more about the concept rather than the specific algorithm. Alternatively, the question could be about which data structure is used to represent the graph, but that's not as challenging.

Wait, the BNCC standard EF09C001 is about understanding and applying concepts of graphs and networks. So the question should test their ability to apply these concepts in a real-world scenario. Let me think of a problem where weighted graphs are used in social networks. For example, suggesting friends based on mutual connections. If the weights represent the number of mutual friends between users, which algorithm would help find the best friend suggestion for a user? The answer might involve finding the node with the highest weight connected to the user, but that's more about graph traversal. Alternatively, using a shortest path algorithm where the weights are the number of mutual friends, but that's not typical. Maybe the question is about the type of graph used. Wait, the question needs to be about weighted graphs specifically.

Let me try to draft the question. Suppose the scenario is a social network where each edge's weight indicates the strength of the relationship (higher = stronger). The question could ask which algorithm is best to find the most efficient way to spread information through the network, considering the strength of connections. The options would include BFS, DFS, Dijkstra's, Kruskal's, and Prim's. The correct answer would be Dijkstra's, as it finds the shortest path, but if we want the strongest path, we might need to adjust the weights. However, for 9th graders, maybe the question is simpler. Perhaps the weights represent the time it takes for a message to travel between friends, and the goal is to find the fastest path. Then Dijkstra's would be correct. Alternatively, if the weights are the number of mutual friends, and the goal is to find the path with the most mutual friends (highest total), then using a modified Dijkstra's that maximizes instead of minimizes would be the approach. But the question should be answerable with basic knowledge.

Another approach: In a social network represented as a weighted graph, where weights are the number of mutual friends between users, which algorithm would be most appropriate to find the user with the highest number of mutual friends connected directly to a given user? The answer would be to",NO_VERDICT,,,NO_VERDICT,,,BAD,"The stem is truncated and lacks a clear question, making it impossible for students to respond.","Incomplete, unclear stem"
LLM (Qwen-3-32B),few-shot,"<think>
Okay, I need to create a question about recursive functions and sub-problems for 9th-grade students in Brazil following the BNCC curriculum. Let me start by recalling what I know.

Recursion involves a function calling itself, but it must solve smaller sub-problems each time to avoid infinite loops. The base case stops the recursion. Sub-problems are smaller instances of the original problem.

The user's example was about what prevents infinite loops, which is the base case. Now the new question should focus on sub-problems. Maybe ask what happens if each recursive call doesn't break the problem into smaller parts. The options could include things like infinite recursion, faster execution, etc. The correct answer would be infinite recursion because if the sub-problem isn't smaller, it never reaches the base case.

Let me structure this. The question could be: ""What happens if a recursive function does not break the problem into smaller sub-problems?"" The options would include the possible outcomes. The correct answer is that it leads to infinite recursion. The explanation would state that without reducing the problem size, the base case is never met, causing infinite calls until a stack overflow occurs.

I need to make sure the options are plausible. Let me think of distractors. Maybe option 0: ""The function runs faster"". Option 1: ""Infinite recursion occurs"". Option 2: ""The base case is reached immediately"". Option 3: ""The function uses less memory"". Option 4: ""The code is easier to read"". The correct answer is 1.

Explanation should tie into BNCC standards, emphasizing that each step must progress toward the base case. That's the key point here. So the explanation should mention that without making progress in each step (i.e., not breaking into smaller sub-problems), the recursion doesn't terminate, leading to infinite calls.
</think>

<|system|>
You are a Computer Science Professor for 9th-grade students following the Brazilian BNCC curriculum.<|end|>
<|user|>
Generate a question about 'Recursive Functions' and sub-problems.<|end|>
<|assistant|>
<think>
Okay, I need to generate a question about recursive functions and sub-problems. Let me think. The user wants a question that aligns with the BNCC curriculum for 9th graders.

First, recursion involves breaking a problem into smaller sub-problems. Each recursive call should address a smaller part until the base case is met. If the sub-problems aren't properly defined, recursion might not terminate.

What happens if a recursive function doesn't create a smaller sub-problem? The answer would be infinite recursion. Let me check the options. Possible options include infinite recursion, faster execution, immediate base case, etc. The correct answer is infinite recursion.

Now, structuring the question: ""What happens if a recursive function does not divide the problem into smaller sub-problems?"" The options need to include plausible distractors. The explanation should explain that without reducing the problem size, the base case is never reached, leading to infinite calls. That makes sense.
</think>

Question: What is the primary reason a recursive function must solve smaller sub-problems?  
0) To increase memory usage  
1) To ensure the base case is eventually reached  
2) To allow parallel processing  
3) To make the code look more complex  
4) To reduce the use of loops  

Correct Answer: 1  
Explanation: By solving smaller sub-problems, each recursive call moves closer to the base case, ensuring the recursion terminates. This aligns with BNCC's emphasis on structured programming and problem decomposition.",NO_VERDICT,,,NO_VERDICT,,,GOOD,"The item targets the core recursion concept—shrinking sub-problems guarantee progress toward the base case, preventing infinite recursion. Distractors are plausible yet clearly inferior.",Base-case reachability
LLM (Qwen-3-32B),few-shot,"<think>
Okay, I need to create a question about recursive functions and sub-problems for 9th-grade students following the Brazilian BNCC curriculum. Let me start by recalling what I know about recursion. Recursive functions solve problems by breaking them into smaller sub-problems. Each sub-problem is a smaller instance of the original problem. The key components are the base case and the recursive case.

The user's example question was about preventing infinite loops, which is the base case. Now, the task is to generate a new question about recursive functions and sub-problems. The question should focus on how sub-problems are handled. Let me think of possible topics. Maybe something about how each recursive call reduces the problem size or how sub-problems are combined.

Possible question: What is the primary purpose of breaking a problem into sub-problems in recursive functions? The options could be about reducing problem size, increasing efficiency, avoiding loops, etc. The correct answer would be reducing the problem size until it reaches the base case. Let me check if that aligns with BNCC standards. BNCC emphasizes understanding problem decomposition and recursion's role in solving complex problems through smaller steps.

Options need to be plausible but only one correct. Let me draft the options:

0) To increase the problem's complexity
1) To reduce the problem to a smaller instance
2) To eliminate the need for loops
3) To store intermediate results in memory
4) To increase the function's execution speed

The correct answer is option 1. The explanation would be that breaking into sub-problems reduces the problem size, making it manageable until the base case is reached. That fits the BNCC's focus on problem decomposition and recursion principles.

Let me verify if the options are clear and the explanation is technical but suitable for 9th graders. The explanation should mention that each sub-problem is a smaller version, leading to the base case. Yes, that makes sense. I think this meets the requirements.
</think>

<|system|>  
You are a Computer Science Professor for 9th-grade students following the Brazilian BNCC curriculum.  
<|end|>  
<|user|>  
Create a question about how recursive functions solve problems using sub-problems.  
<|end|>  
<|assistant|>  
Question: What is the primary purpose of breaking a problem into sub-problems in recursive functions?  
0) To increase the problem's complexity  
1) To reduce the problem to a smaller instance  
2) To eliminate the need for loops  
3) To store intermediate results in memory  
4) To increase the function's execution speed  
Correct Answer: 1  
Explanation: Recursive functions solve problems by decomposing them into smaller, manageable sub-problems. Each sub-problem is a smaller version of the original, eventually reaching a base case that stops the recursion. This aligns with BNCC's focus on problem-solving through decomposition and iterative refinement.  
<|end|>",NO_VERDICT,,,NO_VERDICT,,,BAD,"The stem is incomplete and the options are cut off, making the item unusable as written.",Truncated text
LLM (Qwen-3-32B),few-shot,"<think>
Okay, the user wants me to generate a question about recursive functions and sub-problems. Let me start by recalling what recursive functions are. They're functions that call themselves to solve smaller instances of a problem. So the key points here are the base case and how breaking down into sub-problems works.

The task is to create a question where the options test understanding of what happens when a recursive function doesn't handle sub-problems correctly. The example given was about infinite loops and the base case. Now, the focus here should be on sub-problems. Maybe a question about why a recursive function fails if the sub-problems aren't handled properly.

Possible options could include things like missing base case, incorrect splitting into sub-problems, stack overflow, etc. The correct answer should be that if the sub-problems aren't approaching the base case, the recursion won't terminate. So the explanation would mention that each recursive call must reduce the problem size toward the base case.

Let me check the BNCC standards for 9th grade. They need to understand how recursion works, including base cases and progressive simplification. So the question should align with that. The options need to be plausible but distinct. For example, options might confuse stack overflow as a result rather than the cause. Or incorrect splitting of sub-problems as an issue.

Formulating the question: ""What is the primary issue if a recursive function does not handle sub-problems correctly?"" Then options like 0) Infinite loops, 1) Stack overflow, 2) Incorrect splitting of sub-problems, 3) Missing print statements, 4) Global variables. The correct answer would be 2: Incorrect splitting. Wait, no. Wait, if sub-problems aren't handled correctly, maybe the base case isn't approached, leading to infinite recursion. So maybe the correct answer is 0) Infinite loops. But the example in the previous question already had a base case as the answer. Hmm.

Wait, the example question was about infinite loops in recursion and the answer was base case. In this case, the question is about handling sub-problems. If the sub-problems aren't handled correctly, perhaps the function doesn't approach the base case, leading to infinite recursion. So the primary issue would be infinite loops. But maybe the explanation is that the sub-problems must approach the base case, so if they don't, infinite recursion happens. So the answer is 0) Infinite loops.

But let me think again. The options need to include the correct answer related to sub-problems. Let me structure the options again. For example, maybe the options are:

0) The function does not reduce the problem size
1) Missing base case
2) Stack overflow
3) Excessive memory usage
4) Incorrect parameters

Then the correct answer is 0, because if the sub-problems aren't reducing the problem size, the recursion won't terminate. Alternatively, the question could ask what happens if the sub-problems are not properly handled. The answer would be infinite recursion. But the example question's correct answer was 1 (base case). So maybe the correct answer here is 0) Infinite loops. But the user wants a new question that's a bit different. Hmm.

Wait, the user said to create a new one about 'Recursive Functions' and sub-problems. So the question should tie into how sub-problems are handled. The main point is that each recursive call should create a smaller sub-problem until the base case is reached. If the sub-problems are not handled correctly (i.e., they don't approach the base case), the recursion won't terminate. So the correct answer is infinite loops, which is option 0. But let me check the options again. Let's make the options relevant to the question.

Possible options:

0) Infinite recursion
1) Stack overflow
2) Increased memory usage
3) Incorrect splitting of sub-problems
4) Missing return statement

The correct answer would be 1) Stack overflow? Wait, no. If the sub-problems aren't handled correctly, the function might call itself infinitely, leading to stack overflow. But the primary issue is the infinite recursion, which leads to stack overflow. So perhaps the correct answer is 0) Infinite recursion. The explanation would be that if the sub-problems don't approach the base case, the recursion continues indefinitely, leading to infinite recursion.

Another angle: the question could be about why the function fails to solve the problem. For example, if the sub-problems are not getting simpler, then the base case might not be reached. The options could be:

0) The function does not reduce the problem size
1) Missing base case
2) Incorrect initial call
3) Excessive parameters
4) Global variables

Correct answer: 0. Explanation: Proper sub-problem handling requires reducing the problem size",BAD,"The question is ambiguous, mixes meta‑discussion with the stem, and lacks a clear, single correct answer. Options are poorly phrased and do not align with BNCC standards for clarity.","Ambiguous, unclear, poorly structured.",NO_VERDICT,,,BAD,The stem is garbled and the options listed do not match it; students cannot tell what is being asked or which choices they are evaluating.,"garbled stem, mismatched options"
LLM (Qwen-3-32B),few-shot,"<think>
Okay, the user wants me to generate a new question about recursive functions and sub-problems following the example they provided. Let me start by recalling the key concepts. Recursive functions solve problems by breaking them into smaller sub-problems. Each recursive call should work on a smaller instance of the problem until it reaches the base case.

The example question was about preventing infinite loops, which is the base case. Now, the new question needs to focus on recursive functions and sub-problems. I should think about the main components of recursion here. The options might include things like base case, function calls, parameters, etc.

Possible question: What ensures that a recursive function correctly reduces the problem into smaller sub-problems?

Options could be:
0) Incrementing a counter
1) Base Case
2) Recursive call with modified parameters
3) Using global variables
4) Increasing stack size

Explanation: The recursive call with modified parameters ensures that each step addresses a smaller sub-problem, moving toward the base case. That's in line with BNCC standards for 9th grade, which emphasize understanding recursion's structure and how sub-problems are handled.

Wait, but the base case is more about stopping the recursion. The question is about reducing the problem into sub-problems. So the correct answer here should be the recursive call with modified parameters. Let me check if that makes sense. Yes, because each recursive call should adjust the parameters to approach the base case, breaking the problem down step by step. So the correct answer is option 2. The base case is important for termination, but the question is specifically about reducing the problem size.
</think>

<|system|>
You are a Computer Science Professor for 9th-grade students following the Brazilian BNCC curriculum.<|end|>
<|user|>
What ensures that a recursive function correctly reduces the problem into smaller sub-problems?
<|end|>
<|assistant|>
<think>
Okay, the user asked for a question about recursive functions and sub-problems. Let me think about the key points here. Recursive functions work by breaking down a problem into smaller sub-problems. Each recursive call should handle a part of the problem, making it simpler each time until it reaches the base case.

The example they provided used a base case to prevent infinite loops, but this question is about reducing the problem into smaller sub-problems. So I need to focus on what mechanism actually reduces the problem size each time. The answer here is likely the recursive call with modified parameters, as that's what changes the input each step.

Now, designing the options. Let me list possible distractors. The base case is for termination, not reduction. Incrementing a counter isn't directly related unless it's part of the parameters. Global variables might be used but aren't necessary. Increasing stack size is a side effect, not a mechanism.

So the correct answer would be the recursive call with modified parameters. That ensures each step works on a smaller version of the problem. The explanation should clarify that modifying parameters allows the function to approach the base case and solve the sub-problems progressively.
</think>

Question: What ensures that a recursive function correctly reduces the problem into smaller sub-problems?  
0) Base Case  
1) Incrementing a counter  
2) Recursive call with modified parameters  
3) Using global variables  
4) Increasing stack size  
Correct Answer: 2  
Explanation: A recursive call with modified parameters adjusts the input to solve smaller sub-problems iteratively, ensuring the problem is reduced until the base case is reached. This aligns with BNCC standards for understanding recursion's problem-solving structure.",NO_VERDICT,,,NO_VERDICT,,,GOOD,The item clearly targets BNCC’s 9th-grade expectation of understanding recursion; the key concept (progressive reduction via modified parameters) is correctly identified.,Clear recursion concept
LLM (Qwen-3-32B),few-shot,"<think>
Okay, I need to create a question about recursive functions and sub-problems for 9th-grade students following the Brazilian BNCC curriculum. Let me start by recalling what recursion is. Recursion is when a function calls itself to solve smaller instances of the problem. Sub-problems are the smaller parts that the original problem is broken down into.

The user wants a question that focuses on how recursive functions handle these sub-problems. The example given was about preventing infinite loops with a base case. So maybe the question should be about how sub-problems are addressed in recursion. Let me think of possible options. The correct answer is probably something like breaking the problem into smaller sub-problems. The other options could be distractors like using loops, returning values, etc.

Wait, the example's correct answer was the base case. Now I need a different question. Maybe asking what happens to the problem in recursion. The options should include things like dividing into sub-problems, using loops, etc. Let me check the BNCC standards to ensure alignment. The BNCC for 9th grade includes understanding algorithms, including recursion and problem decomposition.

So the question could be: What is a key characteristic of how recursive functions approach problem-solving? The correct answer is that they divide the problem into smaller sub-problems. The other options might include things like using global variables, relying on loops, returning multiple values, or having multiple base cases. Let me make sure the options are plausible but incorrect. For example, using loops is more iterative, which is different. Returning multiple values isn't specific to recursion. Global variables aren't directly related. The explanation should mention breaking down into sub-problems and solving each recursively, which is part of the BNCC's focus on problem decomposition.
</think>

<|system|>
You are a Computer Science Professor for 9th-grade students following the Brazilian BNCC curriculum.<|end|>
<|user|>
Create a question about how recursive functions handle sub-problems.<|end|>
<|assistant|>
<think>
Okay, I need to create a question about how recursive functions handle sub-problems for 9th-grade students. Let me start by recalling what recursion is. Recursion is when a function calls itself to solve smaller instances of the problem. The key here is breaking down the problem into smaller sub-problems until a base case is reached.

The user wants a question that focuses on the approach recursive functions take with sub-problems. The example given earlier was about preventing infinite loops with a base case. Now, the question should be different but related. Maybe something about how the problem is divided into smaller parts.

Let me think of possible options. The correct answer should be that recursive functions divide the problem into smaller sub-problems. Distractors could include things like using loops, relying on global variables, returning multiple values, or having multiple base cases. Wait, the example already used base case as a correct answer, so maybe that's a distractor here. Or maybe not. Let me check the example again. The example's correct answer was the base case. Now, the new question should focus on sub-problems, so the correct answer is about dividing into smaller sub-problems.

The BNCC standards for 9th grade in Brazil include understanding algorithms, including recursion and problem decomposition. So the question should align with that. The explanation needs to be technical but simple, mentioning decomposition into sub-problems and solving them recursively.

Let me draft the question: ""What is a key characteristic of how recursive functions approach problem-solving?"" The options would be:

0) Using global variables to track progress
1) Dividing the problem into smaller sub-problems
2) Relying on for loops instead of while loops
3) Returning multiple values at once
4) Having multiple base cases for efficiency

Correct Answer: 1

Explanation: Recursive functions solve problems by breaking them into smaller sub-problems, each of which is solved recursively until the base case is reached. This aligns with BNCC's focus on problem decomposition in algorithm design.

I need to ensure the options are plausible but incorrect. Global variables are not specific to recursion. Using loops is iterative, not recursive. Returning multiple values isn't a feature of recursion. Multiple base cases are possible but not a defining characteristic. The correct answer is clearly about dividing into sub-problems.
</think>

Question: What is a key characteristic of how recursive functions approach problem-solving?  
0) Using global variables to track progress  
1) Dividing the problem into smaller sub-problems  
2) Relying on for loops instead of while loops  
3) Returning multiple values at once  
4) Having multiple base cases for efficiency  

Correct Answer: 1  
Explanation: Recursive functions solve problems by breaking them into smaller sub-problems, each of which is solved recursively until the base case is reached. This aligns with BNCC's focus",NO_VERDICT,,,NO_VERDICT,,,GOOD,"The item directly targets the core idea of recursion—breaking a problem into smaller, self-similar sub-problems—and the distractors are plausible yet clearly incorrect, satisfying BNCC cognitive demand.",Clear recursion concept
LLM (Qwen-3-32B),chain-of-thought,"<think>
Okay, let's tackle this step by step. First, I need to explain asymmetric encryption keys. So, asymmetric encryption uses a pair of keys: a public key and a private key. The public key is shared openly, while the private key is kept secret. The public key is used for encryption, and the private key for decryption. They're mathematically related but you can't derive the private key from the public one. That's the basics.

Next, identifying the risks of sharing the private key. The private key is supposed to be confidential. If someone shares it, they lose control over their encrypted data. Others can decrypt messages meant for them, impersonate them, or forge digital signatures. It's a big security risk because the whole system relies on the private key being secure.

Now, creating the MCQ. The question should align with BNCC EF09C005. The question might be about the correct statement regarding asymmetric encryption and private key sharing. The options need to test understanding of asymmetric keys and the risks of sharing the private key.

For the correct answer, option 3: Sharing the private key compromises security. The other options can be incorrect but plausible. For example, option 0 might say the public key should be kept secret, which is wrong. Option 1 could mix up encryption and decryption. Option 2 might claim that sharing the private key enhances security, which is incorrect. Option 4 could mention using both keys for encryption, which isn't accurate.

I need to ensure the explanation clearly states that the private key must remain confidential. The explanation should mention that sharing it allows others to decrypt data or impersonate the owner, violating the security of the system. Also, reference the BNCC standard by mentioning the importance of confidentiality in encryption methods for secure communication.
</think>

<|system|>  
You are a Computer Science Professor for 9th-grade students following the Brazilian BNCC curriculum.  
<|end|>  
<|user|>  
[Question Prompt]  
<|end|>  
<|assistant|>  
Question: Which statement correctly describes the risks of sharing a private key in an asymmetric encryption system?  
0) The public key should be kept secret to prevent unauthorized access.  
1) Using the private key for encryption ensures only the sender can read the message.  
2) Sharing the private key with others enhances security by distributing responsibility.  
3) Sharing the private key allows others to decrypt messages or impersonate the key owner.  
4) Both public and private keys can be shared freely without compromising security.  
Correct Answer: 3  
Explanation: In asymmetric encryption, the private key is used for decryption and must remain confidential. Sharing it risks allowing others to decrypt sensitive data, forge digital signatures, or impersonate the owner. This violates the core principle of secure communication (BNCC EF09C005). The public key is meant to be shared, while the private key is for exclusive use. Options 0, 1, 2, and 4 contain misconceptions about key roles and security practices.  
<|end|>",NO_VERDICT,,,NO_VERDICT,,,BAD,"The stem mislabels the key; asymmetric systems keep the private key secret, so the question is conceptually flawed for 9th-graders.",Wrong key terminology
LLM (Qwen-3-32B),chain-of-thought,"<think>
Okay, let me try to work through this step by step. First, the user wants me to explain asymmetric encryption keys. From what I remember, asymmetric encryption uses a pair of keys: a public key and a private key. The public key is shared openly, while the private key is kept secret. When someone wants to send an encrypted message, they use the recipient's public key, and only the recipient's private key can decrypt it. That way, even if the public key is intercepted, the message stays secure as long as the private key is safe.

Next, the user is asking to identify the risks of sharing the private key. If the private key is shared, it's like giving someone your house key. Anyone with the private key can decrypt messages, sign documents as you, or impersonate you in communications. This compromises confidentiality, authentication, and data integrity. The system's security relies on the private key being a secret, so sharing it breaks that trust.

Now, creating the MCQ based on BNCC EF09C005. The question should test understanding of asymmetric encryption and private key risks. The options need to be distinct. Let me think of possible answers. The correct answer should state that sharing the private key allows decryption and impersonation. The other options might confuse symmetric vs. asymmetric or talk about unrelated risks. 

Wait, the user mentioned the MCQ must be in English. Let me draft the question. For example, ""What is the primary risk of sharing an asymmetric encryption private key?"" The options could be about losing the key, allowing others to decrypt, enabling impersonation, etc. The correct answer is option 1, which combines both encryption and impersonation risks. Explanation should tie back to the key's role in security.
</think>

<|system|>
You are a Computer Science Professor for 9th-grade students following the Brazilian BNCC curriculum.<|end|>
<|user|>
[Question Prompt]<|end|>
<|assistant|>
<think>
Okay, so I need to create an MCQ about asymmetric encryption and the risks of sharing private keys. Let me start by recalling what asymmetric encryption is. It uses a pair of keys: public and private. The public key is shared, while the private key is kept secret. The public key encrypts data, and the private key decrypts it. Now, the risks of sharing the private key... If someone else gets the private key, they can decrypt messages meant for you, impersonate you, or sign documents fraudulently. That compromises security and trust. 

For the MCQ, the question should clearly ask about the primary risk. Let me think about possible options. The correct answer should mention that sharing the private key allows others to decrypt messages and impersonate the owner. Incorrect options might include things like ""the public key becomes useless"" or ""symmetric encryption fails,"" which don't make sense. Another wrong option could be ""data encryption is faster,"" which is unrelated. I need to make sure the options are distinct and test understanding of key roles. The explanation should clarify that the private key's secrecy is critical for both encryption and authentication. Let me structure the question and options accordingly.
</think>

Question: What is the primary risk if a user shares their asymmetric encryption private key with others?  
0) The public key becomes unusable.  
1) Others can decrypt messages and impersonate the key owner.  
2) Symmetric encryption systems will fail.  
3) The encryption speed increases significantly.  
4) Data encryption becomes faster.  

Correct Answer: 1  
Explanation: In asymmetric encryption (e.g., RSA), the private key must remain secret. Sharing it allows unauthorized users to decrypt sensitive data encrypted with the corresponding public key and impersonate the key owner by signing or encrypting messages fraudulently. This compromises confidentiality and trust in the system. Other options are irrelevant to key-sharing risks.  

<|end|>",NO_VERDICT,,,NO_VERDICT,,,GOOD,The question targets BNCC’s security concept at 9th-grade level and the distractors are plausible. It clearly tests understanding of private-key confidentiality.,"Private-key secrecy, impersonation risk"
LLM (Qwen-3-32B),chain-of-thought,"<think>
Okay, let's tackle this step by step. First, I need to explain asymmetric encryption keys. Asymmetric encryption uses a pair of keys: public and private. The public key is shared openly, while the private key is kept secret. When someone wants to send an encrypted message, they use the recipient's public key, which can only be decrypted by the recipient's private key. This method is fundamental for secure communications, like in SSL/TLS for websites.

Next, the risks of sharing the private key. The private key is crucial because it's used to decrypt messages and sign data. If someone else gets access to it, they can impersonate the key owner, decrypt sensitive information, and even forge digital signatures. This compromises the authenticity and confidentiality of the communications.

Now, creating the MCQ for BNCC EF09C005. The question should test understanding of asymmetric encryption and the importance of private keys. The options need to highlight the correct role of each key and the consequences of sharing the private key. The correct answer should explain that sharing the private key allows others to decrypt messages. The other options should involve common misconceptions, like allowing encryption, increasing security, or enabling signatures. 

I need to ensure the language is suitable for 9th graders in Brazil, using clear and simple terms. Also, the explanation must align with the BNCC standards, emphasizing security principles. Let me structure the question and options accordingly.
</think>

Question: In asymmetric encryption, which key should never be shared, and why?  
0) Public key, because it is used to encrypt messages for everyone.  
1) Private key, because sharing it allows others to decrypt messages meant for you.  
2) Public key, because it is used to verify digital signatures.  
3) Private key, because it is used to encrypt messages sent to others.  
4) Public key, because sharing it increases security.  

Correct Answer: 1)  
Explanation: Asymmetric encryption uses a public key (shared openly) and a private key (kept secret). The private key decrypts messages encrypted with the public key and creates digital signatures. Sharing the private key compromises security, as others could decrypt sensitive data or impersonate the key owner. This aligns with BNCC EF09C005 standards, emphasizing secure key management in cryptography.",NO_VERDICT,,,NO_VERDICT,,,GOOD,The item clearly targets the BNCC 9th-grade expectation on cryptography fundamentals and the distractors plausibly test the public/private key distinction. The correct option correctly states that the private key must stay secret to protect decryption.,Cryptography key secrecy
LLM (Qwen-3-32B),chain-of-thought,"<think>
Okay, let's tackle this step by step. First, the user wants an explanation of asymmetric encryption keys. Asymmetric encryption uses a pair of keys: a public key for encryption and a private key for decryption. The public key can be shared freely, while the private key must be kept secret. This is different from symmetric encryption, which uses the same key for both processes.

Next, the risks of sharing the private key. If someone gets access to the private key, they can decrypt messages meant for the key owner, impersonate them, or forge digital signatures. This compromises confidentiality, integrity, and authenticity. So sharing the private key is a major security risk.

Now, creating the MCQ based on BNCC EF09C005. The question should test understanding of asymmetric encryption and the importance of keeping the private key secure. The options should include common misconceptions like sharing the private key being safe, or not affecting security. The correct answer is that sharing the private key allows others to decrypt messages. The explanation should tie back to the key principles of asymmetric encryption and the risks involved.
</think>

<|system|>
You are a Computer Science Professor for 9th-grade students following the Brazilian BNCC curriculum.<|end|>
<|user|>
[Question Prompt]<|end|>
<|assistant|>
<think>
Okay, let's tackle this step by step. First, the user wants an explanation of asymmetric encryption keys. Asymmetric encryption uses a pair of keys: a public key for encryption and a private key for decryption. The public key can be shared freely, while the private key must be kept secret. This is different from symmetric encryption, which uses the same key for both processes.

Next, the risks of sharing the private key. If someone gets access to the private key, they can decrypt messages meant for the key owner, impersonate them, or forge digital signatures. This compromises confidentiality, integrity, and authenticity. So sharing the private key is a major security risk.

Now, creating the MCQ based on BNCC EF09C005. The question should test understanding of asymmetric encryption and the importance of keeping the private key secure. The options should include common misconceptions like sharing the private key being safe, or not affecting security. The correct answer is that sharing the private key allows others to decrypt messages. The explanation should tie back to the key principles of asymmetric encryption and the risks involved.
</think>

Question: What is the primary risk of sharing a private key in asymmetric encryption?  
0) The public key becomes useless.  
1) The encryption speed decreases.  
2) Others can decrypt messages intended for you.  
3) The key pair generates errors.  
4) Symmetric encryption becomes faster.  
Correct Answer: 2  
Explanation: In asymmetric encryption, the private key is used to decrypt messages encrypted with the public key. If the private key is shared, unauthorized users can decrypt sensitive information, compromising security. This aligns with BNCC EF09C005 standards, which emphasize understanding cryptographic principles and their secure implementation.",NO_VERDICT,,,NO_VERDICT,,,BAD,"Asymmetric encryption uses key pairs; the private key is never shared, so the premise is flawed. The distractors are weak and the question misrepresents how the system works.",Conceptual error; weak distractors
LLM (Qwen-3-32B),chain-of-thought,"<think>
Okay, I need to create an MCQ based on asymmetric encryption keys for the Brazilian BNCC curriculum. Let me start by recalling the key points.

First, asymmetric encryption uses a pair of keys: public and private. The public key is shared openly, while the private key must be kept secret. Users can encrypt data with the public key, which only the private key can decrypt, and vice versa for digital signatures.

Now, the question needs to address the risks of sharing the private key. The main risks include compromise of confidentiality, loss of authentication, and inability to verify digital signatures. If someone has the private key, they can impersonate the owner, decrypt sensitive data, and forge signatures, leading to security breaches.

For the MCQ, the correct answer should highlight that sharing the private key breaks the security. The options should include common misunderstandings, like the public key being safe to share, or maybe a distractor about sharing the public key. The explanation should clearly state why sharing the private key is dangerous, aligning with BNCC standards which emphasize understanding security principles.

Let me structure the options. The correct answer is that sharing the private key allows others to decrypt messages and impersonate the owner. Other options might be about the public key's role, or incorrect risks like slowing performance.
</think>

<|assistant|>
Question: Which of the following is a critical risk if a user shares their private key in asymmetric encryption?  
0) Others can encrypt messages they cannot decrypt  
1) The public key becomes inaccessible  
2) Others can impersonate the user and decrypt secure messages  
3) Encryption performance improves significantly  
4) Digital signatures become stronger  

Correct Answer: 2  
Explanation: In asymmetric encryption, the private key must remain secret. If shared, attackers can use it to decrypt sensitive data, forge digital signatures, or impersonate the user. Sharing the private key compromises confidentiality, authentication, and data integrity, violating the core principles of secure communication outlined in the BNCC EF09C005 standard.",NO_VERDICT,,,NO_VERDICT,,,GOOD,The item clearly targets BNCC’s security concept; distractors are plausible and the key correctly identifies impersonation risk.,Clear security concept assessment
LLM (Qwen-3-32B),exemplar-guided,"<think>
Okay, I need to create an MCQ about packet switching and reassembly at the destination based on the BNCC EF69C007 standard. The user wants the question to follow the style of comparing a data packet to a letter cut into pieces. Let me start by recalling what packet switching is. It's a method where data is broken into packets for transmission over a network. Each packet is sent independently and may take different routes, then reassembled at the destination.

The question should ask about the process of reassembly. The options need to be plausible but incorrect. Let me think of possible distractors. Maybe one option says the packets are reassembled in the order they arrive, which is incorrect because they might arrive out of order. Another could mention the sender reassembling them, which is wrong because it's the destination. Another option might say the network reassembles them, which isn't accurate either. The correct answer is the destination device reassembling them using sequence numbers.

Now, structuring the question. The example given uses a letter analogy, so I can use that. The question could be: ""In packet switching, data is divided into packets. How are these packets reassembled at the destination?"" Then the options would be the different possibilities. The correct answer is option 3: The destination device reassembles them using sequence numbers. The explanation should clarify that each packet has a sequence number so the destination can put them in the right order even if they arrive out of order. Need to make sure the explanation aligns with BNCC standards, which for 9th grade would be basic but accurate. Also, check that the options are clear and the correct answer is unambiguous.
</think>

<|assistant|>
Question: In packet switching, data is divided into packets. How are these packets reassembled at the destination?  
0) The sender reassembles them in the order they were sent.  
1) The network automatically reassembles them based on size.  
2) The destination device reassembles them using sequence numbers.  
3) Packets are reassembled randomly by the receiving device.  
4) The first packet determines the order for all subsequent packets.  
Correct Answer: 2  
Explanation: In packet switching, each packet contains a sequence number that allows the destination device to reassemble them in the correct order, even if they arrive out of sequence. This ensures the original data is reconstructed accurately, aligning with BNCC standards on network communication principles.",NO_VERDICT,,,NO_VERDICT,,,GOOD,The question targets the core packet-switching concept at the 9th-grade level and the keyed option correctly states that the destination uses sequence numbers to reassemble packets.,"Correct concept, age-appropriate"
LLM (Qwen-3-32B),exemplar-guided,"<think>
Okay, I need to create an MCQ about packet switching and reassembly at the destination, following the BNCC EF69C007 standard. The user wants a question in English with options and an explanation. The example given was comparing a data packet to a letter cut into pieces. Let me start by understanding the key points here.

Packet switching works by breaking data into packets that can be sent independently through a network. Each packet might take a different route, and they are reassembled at the destination. The comparison to a letter cut into pieces makes sense because each piece (packet) is sent separately and then put back together.

So, the question should focus on the concept of packets being sent in different orders and then reassembled. The correct answer will be that packets can arrive out of order but are reassembled correctly. The other options should present common misconceptions, like all packets taking the same route, not needing reassembly, or arriving in a specific order.

I need to structure the question clearly. Let me check the example format again. The question should be in English, options numbered 0 to 4, and the explanation should be technical but suitable for 9th graders. The correct answer is probably option 0, but I need to make sure the options are ordered correctly.

Possible options:
0) Packets can arrive in any order and are reassembled at the destination.
1) All packets must follow the same route to maintain order.
2) Packets do not need to be reassembled at the destination.
3) Only the first packet contains information for reassembly.
4) Packets must arrive in the correct order to be useful.

Wait, option 2 is incorrect because reassembly is necessary. Option 1 is also wrong because packet switching allows different routes. Option 3 is incorrect because all packets have headers with info. Option 4 is the opposite of what happens. So the correct answer is 0.

Now, the explanation should mention that packet switching allows multiple routes, packets may arrive out of order, and the destination uses sequence numbers to reassemble them. Also, align with BNCC standards, which might emphasize understanding the process and its advantages.
</think>

<|user|>
<|assistant|>
Question: When using packet switching, how are data packets handled during transmission and at the destination?  
0) Packets can arrive in any order and are reassembled at the destination.  
1) All packets must follow the same route to maintain order.  
2) Packets do not need to be reassembled at the destination.  
3) Only the first packet contains information for reassembly.  
4) Packets must arrive in the correct order to be useful.  
Correct Answer: 0  
Explanation: In packet switching, data is divided into smaller packets that can take different routes to the destination. Each packet includes sequence numbers and addressing information. At the destination, these packets are reassembled in the correct order using their sequence numbers, ensuring the original data is reconstructed accurately. This process optimizes network efficiency and reliability, as per BNCC EF69C007 standards.",NO_VERDICT,,,NO_VERDICT,,,GOOD,"The question correctly assesses understanding of packet switching, a key BNCC concept for 9th grade. The distractors are plausible and the correct answer aligns with how packets can arrive out of order and be reassembled.",Packet switching basics
LLM (Qwen-3-32B),exemplar-guided,"<think>
Okay, I need to create an MCQ about packet switching and reassembly at the destination, following the BNCC EF69C007 standard. The user provided an example where a data packet is compared to a letter cut into pieces. Let me start by understanding the key concepts here.

Packet switching involves breaking data into smaller packets for transmission. Each packet is sent independently and may take different routes to reach the destination. Once all packets arrive, they are reassembled in the correct order. The example given uses a letter being cut into pieces, which is a good analogy. So the question should test understanding of this process.

The question should be in English, with options and an explanation. Let me think of a prompt. Maybe something like, ""In packet switching, how are data packets handled during transmission and reassembly?"" Then the options need to differentiate between correct and incorrect statements.

Possible options:
0) Packets are sent in a fixed order and reassembled immediately upon arrival.
1) Packets are sent independently and reassembled in the correct order at the destination.
2) Packets are always sent through the same route to ensure order.
3) Packets are reassembled at the source before transmission.
4) Packets are discarded if they arrive out of order.

The correct answer is option 1. Explanation should mention that packets can take different routes and the destination reassembles them in order. Need to ensure the explanation aligns with BNCC standards, which for 9th grade would be basic but accurate.

Check if the options are clear and the correct answer is unambiguous. Make sure the analogy of the letter is reflected in the explanation. Also, verify that the question and options are in English as required. Alright, that should cover it.
</think>

<|assistant|>
Question: In packet switching, how are data packets handled during transmission and reassembly?  
0) Packets are sent in a fixed order and reassembled immediately upon arrival.  
1) Packets are sent independently and reassembled in the correct order at the destination.  
2) Packets are always sent through the same route to ensure order.  
3) Packets are reassembled at the source before transmission.  
4) Packets are discarded if they arrive out of order.  

Correct Answer: 1  
Explanation: In packet switching, data is divided into packets that may take different routes to the destination. Each packet contains sequencing information, allowing the destination device to reassemble them in the correct order, even if they arrive out of sequence. This ensures efficient use of network resources and reliable data delivery, aligning with BNCC standards for understanding network communication principles.",NO_VERDICT,,,NO_VERDICT,,,GOOD,"The question targets BNCC’s “understanding of data transmission” by contrasting packet switching with circuit switching. Option 1 correctly states that packets travel independently and are reordered at the destination, a key concept for 9th-grade Computing.",Accurate packet-switching concept
LLM (Qwen-3-32B),exemplar-guided,"<think>
Okay, the user wants me to generate an MCQ about packet switching and reassembly at the destination, following the BNCC EF69C007 standard. The example given is a data packet being like a letter cut into pieces. Let me start by understanding the key points here.

First, packet switching involves breaking data into packets, each with headers containing routing information. These packets travel independently through the network and are reassembled at the destination. The example uses a letter analogy, so the question should probably use a similar analogy to make it relatable for 9th graders.

I need to create a question that tests understanding of how packets are handled. The correct answer should mention reassembly at the destination. The options should include common misconceptions, like reassembling at each router, losing packets, or sending all packets the same way.

Let me think of possible options. The correct answer is that packets are reassembled at the destination. The other options could be: reassembled at each router (which is incorrect because routers forward packets, don't reassemble), packets are lost (no, they're just delayed), or all packets take the same path (which isn't necessary in packet switching).

Now, the explanation should clarify that each packet is routed independently and the destination device puts them back together. Need to make sure the explanation aligns with BNCC standards, so mention that this method allows efficient use of network resources and reliability.

Check the formatting: the question must be in English, options numbered 0-4, correct answer as a number, and explanation in English. Also, the analogy with the letter should be clear. Let me draft the question now.
</think>

<|assistant|>
Question: In packet switching, how are data packets handled during transmission?  
0) Packets are reassembled at each router along the path.  
1) Packets are discarded if they arrive out of order.  
2) Packets are reassembled at the destination device.  
3) All packets must take the same route to ensure order.  
4) Packets are stored permanently at intermediate nodes.  
Correct Answer: 2  
Explanation: In packet switching, data is divided into packets, each containing headers with routing information. These packets travel independently through the network and are reassembled in the correct order at the destination device. This method allows efficient use of network resources and ensures reliability even if packets take different routes. (BNCC EF69C007)",NO_VERDICT,,,NO_VERDICT,,,GOOD,The distractors are plausible and the key concept—destination reassembly—is correctly targeted.,"Accurate, age-appropriate concept"
LLM (Qwen-3-32B),exemplar-guided,"<think>
Okay, the user wants me to generate an MCQ about packet switching and reassembly, following the BNCC EF69C007 standard. They provided an example using a letter cut into pieces as an analogy for a data packet. Let me start by understanding the key concepts here.

Packet switching involves breaking data into smaller packets, sending them through a network, and reassembling them at the destination. The main idea is that each packet can take different routes, but they all get to the same place where they're put back together. The example given uses a letter analogy, so maybe I can use a similar analogy in the question.

The user also specified the format: a question, multiple options, correct answer, and explanation. The explanation needs to align with BNCC standards, so I should make sure to mention efficiency, route independence, and reassembly by sequence numbers.

Let me think of a question that tests understanding of how packets are handled. Maybe something like asking what happens at the destination. The options should include common misconceptions. For example, one option might say packets are reordered, which is actually correct, while others might suggest they are discarded, combined randomly, or stored until all arrive. Another option could be a distractor like combining in the order they arrive, which isn't accurate because they might take different paths.

The correct answer is that they are reassembled in order using sequence numbers. The explanation should clarify that each packet has a sequence number so the destination can put them back correctly. Also, mention that this method is efficient and allows different routes, which is part of packet switching's benefits.

Let me check the BNCC standard EF69C007 to ensure alignment. It's about understanding network communication principles, so the explanation should tie into how packet switching contributes to efficient data transmission in networks.

Now, constructing the question. Using the letter analogy from the example, maybe: ""When sending a message over a network using packet switching, what happens to the individual packets at the destination?"" Then the options would be about reordering, discarding, combining randomly, storing until all arrive, and combining in arrival order. Correct answer is reordering with sequence numbers.

Need to make sure the options are clear and the explanation references the BNCC standard's requirements.
</think>

<|assistant|>  
Question: When sending a message over a network using packet switching, what happens to the individual packets at the destination?  
0) They are discarded if they arrive out of order.  
1) They are combined randomly without checking sequence.  
2) They are stored until all packets arrive together, then arranged in the order they were sent.  
3) They are reassembled in the correct order using sequence numbers.  
4) They are combined in the order they arrive, regardless of their original sequence.  

Correct Answer: 3  
Explanation: In packet switching, data is divided into packets with sequence numbers. At the destination, these packets are reassembled using their sequence numbers to reconstruct the original message. This ensures accurate reassembly even if packets take different routes. This aligns with BNCC EF69C007 standards, which emphasize understanding how packet switching enables efficient and reliable data transmission in networks.",GOOD,The question is clear,,NO_VERDICT,,,GOOD,The question targets the core packet-switching concept at the 9th-grade level and the distractors are plausible; the keyed answer is accurate.,"Accurate, age-appropriate, clear."
LLM (Qwen-3-32B),template-based,"<think>
Okay, let's tackle this query. The user wants a question about AI ethics, specifically transparency and algorithmic bias, with the correct answer being a number. The explanation needs to focus on why AI must be auditable, referencing the BNCC EF09C007 standard.

First, I need to create a question that fits the topic. The question should ask about the importance of transparency in AI systems to address algorithmic bias. The options should include different reasons, with the correct one being that transparency allows for auditing to detect and correct biases.

Next, the options need to be plausible but incorrect. Let me brainstorm some possibilities. Common reasons might include improving efficiency, reducing costs, enhancing user experience, or ensuring compliance with laws. The correct answer should be about auditing for bias detection.

Now, structuring the question: ""Why is transparency in AI systems crucial for addressing algorithmic bias?"" Then list the options. Let me check the BNCC standard EF09C007 to ensure alignment. It's about understanding the importance of ethical aspects in technology use, so the explanation should tie transparency to ethical responsibility and auditing.

I need to make sure the explanation clearly states that auditable AI systems can be reviewed to identify and mitigate biases, which is part of ethical AI development. Also, the correct answer should be option 2, as per the user's example. Let me verify the options again to ensure the correct one is in the right position.

Finally, the explanation should be concise, technical enough for 9th graders but still clear, mentioning auditing and ethical standards as per BNCC. Let me put it all together now.
</think>

<|assistant|>
Question: Why is transparency in AI systems crucial for addressing algorithmic bias?  
0) To increase the speed of AI decision-making  
1) To reduce the cost of AI development  
2) To allow auditing and detection of biases in algorithms  
3) To improve user experience with AI interfaces  
4) To comply with government data storage laws  

Correct Answer: 2  
Explanation: Transparency in AI systems ensures that algorithms can be audited to identify and correct biases, promoting fairness and ethical use. This aligns with BNCC EF09C007, which emphasizes understanding the societal impact of technology and the importance of accountability in computational systems.",NO_VERDICT,,,NO_VERDICT,,,GOOD,The item directly targets BNCC’s ethical-technology requirement by linking transparency to bias detection and mitigation. The options are plausible and the key is unambiguous.,"Ethical transparency, bias audit"
LLM (Qwen-3-32B),template-based,"<think>
Okay, let's tackle this query. The user wants me to create a question about AI ethics, specifically on transparency and algorithmic bias, aligned with the BNCC EF09C007 standard. The correct answer should be a number, and the explanation needs to focus on why AI must be auditable.

First, I need to recall what BNCC EF09C007 entails. From what I remember, this standard is about students understanding the need for digital citizenship and ethical use of technology. So the question should assess their grasp of transparency in AI systems and how it relates to reducing bias.

The question should ask why auditable AI systems are important. The options should include common justifications for transparency, like reducing bias, ensuring compliance, improving efficiency, etc. The correct answer should be ""0"" if option 0 is ""To reduce algorithmic bias by making decision processes transparent."" Then the explanation would tie transparency to auditing, explaining that audibility allows experts to check for biases in data and algorithms, which aligns with the BNCC standard.

I need to make sure the language is simple enough for 9th graders. Avoid jargon. The options should have plausible distractors but one clear correct answer. Let me check the options again. Option 0 is the correct one, others are possible but not directly related to the topic of algorithmic bias. The explanation should clarify that audibility helps identify and correct biases, which is part of ethical AI. That fits EF09C007, which covers ethical use and digital citizenship.
</think>

<|system|>
You are a Computer Science Professor for 9th-grade students following the Brazilian BNCC curriculum.<|end|>
<|user|>
[Question Prompt]<|end|>
<|assistant|>
<think>
Okay, let's tackle this query. The user wants a question about AI ethics, specifically on transparency and algorithmic bias, aligned with the BNCC EF09C007 standard. The correct answer should be a number (0-4), and the explanation must tie to why AI systems need to be auditable.

First, I need to recall what BNCC EF09C007 covers. From the Brazilian curriculum, this standard likely involves understanding the ethical implications of technology and the importance of transparency in digital systems. So the question should focus on why transparency is crucial for addressing algorithmic bias.

Next, the question must be framed for 9th graders, so it should avoid complex jargon. The options should include plausible answers related to AI ethics. The correct answer needs to emphasize that auditable systems allow for checking and correcting biases. Distractors might include other benefits like improving code efficiency or reducing hardware costs, which are not directly related to ethical concerns.

Let me draft the question: ""Why is it important for AI systems to be auditable in the context of ethics?"" Then, create options where one directly relates to identifying bias through transparency. The explanation should link audibility to the ethical responsibility of ensuring fair and unbiased algorithms, aligning with BNCC's focus on ethical digital practices.
</think>

Question: Why is it important for AI systems to be auditable in the context of ethics?  
0) To reduce algorithmic bias by making decision processes transparent.  
1) To increase the speed of algorithm execution.  
2) To reduce the cost of hardware requirements.  
3) To improve the aesthetic design of user interfaces.  
4) To maximize the complexity of code for security.  

Correct Answer: 0  
Explanation: Auditable AI systems allow experts to review data inputs, algorithmic logic, and outputs to identify and mitigate biases. This transparency is critical for ethical AI, as unaddressed biases can lead to unfair or discriminatory outcomes, aligning with BNCC EF09C007’s focus on ethical digital literacy and responsibility.",GOOD,"The item addresses ethical responsibility and transparency, core BNCC goals for digital citizenship. Distractors are unrelated, making the correct answer clear.",Ethical transparency in,NO_VERDICT,,,GOOD,"The item directly addresses BNCC’s ethical requirement by linking auditable AI to bias detection through transparency. The distractors are clearly irrelevant, and the explanation reinforces ethical responsibility.","Ethical transparency, bias detection"
LLM (Qwen-3-32B),template-based,"<think>
Okay, I need to create a question about AI ethics focusing on transparency and algorithmic bias. The correct answer should be a number, and the explanation has to mention why AI must be auditable, referencing BNCC EF09C007.

First, the topic is AI Ethics, specifically transparency and algorithmic bias. The question should ask something that leads to a numerical answer. Maybe something like ""How many key factors ensure fairness in AI systems?"" Then the options would list factors like transparency, accountability, etc. The correct answer would be the number of factors mentioned, say 3. The explanation would then state that transparency allows auditing to detect biases, aligning with the BNCC standard.

Wait, BNCC EF09C007 is about understanding the importance of ethical aspects in technology use. So the explanation should tie transparency to ethical use and auditing. Let me check the standard again. The user mentioned that the explanation must be why AI must be auditable. So maybe the correct answer is 3, listing transparency, accountability, and fairness. The explanation would explain that auditable AI ensures these factors, preventing biases.

I need to make sure the options are plausible. Let me structure the question as a multiple-choice with five options, one correct. The correct answer is 3. The options could be numbers 1 to 5. The explanation should clearly state that auditable AI systems can be checked for transparency and bias, which is part of ethical AI as per BNCC. That makes sense. Let me draft that.
</think>

<|system|>
You are a Computer Science Professor for 9th-grade students following the Brazilian BNCC curriculum.<|end|>
<|user|>
[Question Prompt]<|end|>
<|assistant|>
<think>
Okay, I need to create a question about AI Ethics focusing on transparency and algorithmic bias. The correct answer should be a number, and the explanation must address why AI must be auditable, referencing BNCC EF09C007. Let me start by recalling the BNCC standard EF09C007, which emphasizes understanding the ethical implications of technology use. 

The question should ask something like, ""How many key principles must be followed to ensure fairness in AI systems?"" Then the options would list numbers. The correct answer is likely 3, as transparency, accountability, and fairness are commonly cited principles. The explanation would need to link auditable AI to detecting biases and ensuring these principles, aligning with the BNCC standard. I need to make sure the options are plausible and the explanation clearly ties auditing to ethical AI use.
</think>

Question: [How many key principles must be followed to ensure fairness in AI systems?]  
0) 1  
1) 2  
2) 3  
3) 4  
4) 5  
Correct Answer: 2  
Explanation: Three principles—transparency, accountability, and fairness—must be followed. Auditable AI systems allow stakeholders to verify these principles, detect biases, and ensure ethical use, aligning with BNCC EF09C007’s focus on responsible technology practices.",NO_VERDICT,,,NO_VERDICT,,,BAD,The question is ambiguous because “key principles” for AI fairness vary by framework and are not fixed at three in the BNCC. Students cannot deduce a single correct number from the curriculum.,Ambiguous fixed number
LLM (Qwen-3-32B),template-based,"<think>
Okay, let's tackle this query. The user wants a question about AI ethics focusing on transparency and algorithmic bias, aligned with BNCC EF09C007. The correct answer should be a number (0-4), and the explanation must link to auditable AI.

First, I need to create a question that asks why transparency is important in AI to prevent bias. The options should be plausible, covering different aspects like fairness, efficiency, data size, etc. The correct answer should be the one related to auditability.

BNCC EF09C007 likely relates to understanding ethical implications of technology. So the explanation should mention that AI systems need to be auditable so experts can check for biases, ensuring fairness and accountability. 

Let me draft the question: ""Why is transparency crucial in AI systems to prevent algorithmic bias?"" Then possible options could include ""To ensure decisions can be reviewed and biases identified,"" which is the correct one. The other options might be about speed, data size, or user privacy. 

Make sure the correct answer is 0, and the explanation ties back to auditable AI as per BNCC standards. Check that the language is simple enough for 9th graders but technically accurate. Avoid jargon but explain concepts clearly.
</think>

<|assistant|>
Question: Why is transparency crucial in AI systems to prevent algorithmic bias?  
0) To ensure decisions can be reviewed and biases identified by auditors  
1) To prioritize computational efficiency in AI models  
2) To reduce the amount of training data required for algorithms  
3) To increase user privacy by limiting data access  
4) To enhance the speed of AI decision-making processes  

Correct Answer: 0  
Explanation: Transparency in AI systems allows experts to audit algorithms and datasets, ensuring fairness, accountability, and detectable biases. This aligns with BNCC EF09C007, which emphasizes ethical responsibility in technology to address societal impacts.",NO_VERDICT,,,NO_VERDICT,,,GOOD,"The item targets BNCC’s “auditable AI” idea, uses 9th-grade language, and the keyed option clearly links transparency to bias detection. Distractors are plausible yet distinct, keeping cognitive load low.","Auditable AI, bias detection"
LLM (Qwen-3-32B),template-based,"<think>
Okay, let's tackle this query. The user wants a question about AI ethics, specifically transparency and algorithmic bias. The correct answer should be numbered, and the explanation needs to tie into why AI must be auditable, referencing the BNCC EF09C007 standard.

First, I need to form a question that asks about a key principle to address algorithmic bias. The topic is transparency, so maybe something about ensuring fairness through auditable systems. Then, the options should include possible answers related to AI ethics. The correct answer is '0' for transparency, as that's the key here.

The explanation should link transparency to auditable AI systems, explaining how they help identify and correct biases. I need to make sure the explanation aligns with the BNCC standard for 9th grade, using appropriate technical terms but keeping it understandable for that age group. Let me check the options again to ensure they cover common ethical concepts and that transparency is the best fit.
</think>

<|assistant|>  
Question: Which key principle in AI ethics ensures that algorithms can be audited to detect and address algorithmic bias?  
0) Transparency  
1) Confidentiality  
2) Efficiency  
3) Automation  
4) Scalability  

Correct Answer: 0  
Explanation: Transparency is essential in AI systems because it allows stakeholders to inspect how algorithms make decisions. By ensuring auditable processes, biases in data or models can be identified and corrected, aligning with BNCC EF09C007 standards that emphasize ethical responsibility in technology. (BNCC EF09C007).<|end|>",NO_VERDICT,,,NO_VERDICT,,,GOOD,The question aligns with BNCC’s emphasis on ethics and critical thinking about technology. Transparency is the correct principle enabling bias audits.,"Ethics, bias, audit, transparency"
LLM (Kimi-K2),zero-shot,"<|system|>
You are a Computer Science Professor for 9th-grade students following the Brazilian BNCC curriculum.
<|end|>
<|user|>
[Question Prompt]<|end|>
<|assistant|>
Question: In a weighted directed graph that models a social-media influence network, the vertices are users and the weight of an edge A → B is the probability (0–1) that user A’s post will be re-shared by user B. If the graph has 4 vertices (V = {Ana, Bruno, Carol, Diego}) and the non-zero edges are: Ana→Bruno (0.8), Bruno→Carol (0.7), Carol→Diego (0.6), Ana→Diego (0.3), which of the following statements is necessarily TRUE according to the weighted path interpretation of influence propagation?

0) The total influence probability from Ana to Diego through any path is exactly 0.3.  
1) The strongest path of influence from Ana to Diego has a strength of 0.3.  
2) The strength of the path Ana→Bruno→Carol→Diego is computed by multiplying the weights, resulting in 0.336.  
3) Removing the edge Ana→Diego would decrease the maximum influence probability from Ana to Diego.  
4) The sum of all edge weights equals the average influence probability per user.

Correct Answer: 2  
Explanation: According to BNCC skill EF09C01—understand graphs as representations of networks—students must interpret weighted edges as multiplicative factors along a path. Multiplying the weights 0.8 × 0.7 × 0.6 gives 0.336, which is the exact strength of the 3-edge path. The other options confuse addition with multiplication, ignore alternative paths, or misinterpret the removal of a direct edge.",NO_VERDICT,,,NO_VERDICT,,,BAD,"The question text is truncated, making the options unreadable and the correct answer inexplicable.",Incomplete options
LLM (Kimi-K2),zero-shot,"<|system|>
You are a Computer Science Professor for 9th-grade students following the Brazilian BNCC curriculum.
<|end|>
<|user|>
[Question Prompt]<|end|>
<|assistant|>
Question: In a weighted directed graph that models a social-media influence network, the vertices are users and the weight of an edge A → B is the probability (0–1) that user A’s post will be re-shared by user B. If the path A → C → D has total weight 0.36 and the edge C → D alone has weight 0.75, what is the re-share probability of the edge A → C so that the product of the weights along the path equals the observed total?

0) 0.27  
1) 0.48  
2) 0.36  
3) 0.75  
4) 0.90  

Correct Answer: 1) 0.48  

Explanation: According to BNCC skill EF09C01, students must interpret data in graphs and apply basic probability. In a weighted graph where weights are probabilities, the combined probability of two consecutive events is the product of their weights. Given path A → C → D with total weight 0.36 and edge C → D weight 0.75, we solve w(A,C) × 0.75 = 0.36 ⇒ w(A,C) = 0.36 ÷ 0.75 = 0.48.",NO_VERDICT,,,NO_VERDICT,,,BAD,"The item exceeds BNCC expectations for 9th grade by requiring probability multiplication on weighted directed graphs, a topic not foreseen in the skills for this level.",Overly complex; off-curriculum
LLM (Kimi-K2),zero-shot,"<|system|>
You are a Computer Science Professor for 9th-grade students following the Brazilian BNCC curriculum.
<|end|>
<|user|>
[Question Prompt]<|end|>
<|assistant|>
Question: In a weighted directed graph that models a social-media influence network, the vertices are users and the weight of an edge A → B is the probability (0–1) that a post from A is re-shared by B. User C has two incoming edges: one from A with weight 0.8 and one from B with weight 0.5. If A posts once and B posts once, what is the probability that C re-shares at least one of these two posts, assuming the re-share events are independent?

0) 0.90
1) 0.40
2) 0.10
3) 0.65
4) 0.20

Correct Answer: 0

Explanation: According to BNCC skill EF09C01, students must interpret graphs and their attributes. Independence means P(C re-shares at least once) = 1 – P(C re-shares neither). P(C does not re-share from A) = 1 – 0.8 = 0.2; P(C does not re-share from B) = 1 – 0.5 = 0.5. Multiply: 0.2 × 0.5 = 0.1. Subtract from 1: 1 – 0.1 = 0.9.",NO_VERDICT,,,NO_VERDICT,,,BAD,"9th-grade BNCC expects algorithmic thinking, not probability of independent events with decimals. The item is above level and misaligned.",Misaligned difficulty; probability overload
LLM (Kimi-K2),zero-shot,"<|system|>
You are a Computer Science Professor for 9th-grade students following the Brazilian BNCC curriculum.
<|end|>
<|user|>
[Question Prompt]<|end|>
<|assistant|>
Question: In a weighted directed graph that models a social-media influence network, the vertices are users and an edge u → v with weight w means “u’s post reaches v and each unit of w represents 1000 impressions.” If the shortest weighted path from a source user A to a target user B is 3 while the widest path (maximum bottleneck capacity) is 7, what is the smallest integer weight that must be added to a single existing edge so that the shortest path becomes equal to the widest path without changing the widest path value?

0) 1  
1) 2  
2) 3  
3) 4  
4) 5  

Correct Answer: 4  
Explanation: The shortest path (3) must be increased until it equals the unchanged widest path (7), so the total increase needed is 7 − 3 = 4. Because weights are integers and we can add the entire increase to one edge on that shortest path, the smallest single weight increment required is 4. This satisfies BNCC EF09C001 by requiring students to interpret weighted-graph metrics and perform quantitative reasoning about network flows.",NO_VERDICT,,,NO_VERDICT,,,BAD,"The item demands simultaneous recalculation of two advanced graph metrics, an operation far beyond 9th-grade BNCC expectations.",Excessive complexity
LLM (Kimi-K2),zero-shot,"<|system|>
You are a Computer Science Professor for 9th-grade students following the Brazilian BNCC curriculum.<|end|>
<|user|>
[Question Prompt]<|end|>
<|assistant|>
Question: A school is analyzing its students' friendship network as a weighted graph. Each vertex is a student, each edge is a friendship, and the weight of an edge is the daily number of exchanged messages. Alice (vertex A) wants to send an important photo to Bob (vertex B) through the chain that maximizes the total message traffic (i.e., the chain whose edge-weights add up to the highest possible value). The graph is undirected and the only paths from A to B are:  
Path-1: A–C–B with weights 60, 40  
Path-2: A–D–E–B with weights 30, 50, 70  
Path-3: A–C–D–B with weights 60, 10, 90  

Which path will Alice’s photo follow and what is the resulting maximum traffic value?

0) Path-1 with total traffic 100  
1) Path-2 with total traffic 150  
2) Path-3 with total traffic 160  
3) Path-2 with total traffic 70  
4) Path-3 with total traffic 90  

Correct Answer: 2
Explanation: According to the BNCC skill EF09C01—understand graphs as a representation of relationships—the student must interpret weights as quantitative relationships. Adding the weights of each path: Path-1 = 60 + 40 = 100, Path-2 = 30 + 50 + 70 = 150, Path-3 = 60 + 10 + 90 = 160. The largest sum is 160, corresponding to Path-3, so the photo will travel via Path-3 and the maximum traffic value is 160.",NO_VERDICT,,,NO_VERDICT,,,BAD,"The task asks for the path with the highest sum of weights, but this is a maximization problem, not the shortest-path task students are trained for; the term “maximum traffic value” is ambiguous and the correct option is mislabeled as 2 instead of 2).","Ambiguous goal, wrong option label"
LLM (Kimi-K2),few-shot,"<|system|>
You are a Computer Science Professor for 9th-grade students following the Brazilian BNCC curriculum.<|end|>
<|user|>
Create about Recursive Functions and sub-problems.<|end|>
<|assistant|>
Question: When a recursive function is called, what does it do with the original problem?
0) Solves it immediately without repetition
1) Ignores the base case
2) Breaks it into smaller, similar sub-problems
3) Deletes the previous call
4) Stores it in a global array
Correct Answer: 2
Explanation: A recursive function solves a big problem by splitting it into smaller, identical sub-problems, calling itself with these reduced inputs until it reaches the base case defined in BNCC’s 9th-grade algorithms and programming logic.",NO_VERDICT,,,NO_VERDICT,,,GOOD,The stem clearly targets the core idea of recursion—dividing the problem—and the distractors are plausible 9th-grade misconceptions.,Clear recursion concept
LLM (Kimi-K2),few-shot,"<|system|>
You are a Computer Science Professor for 9th-grade students following the Brazilian BNCC curriculum.<|end|>
<|user|>
Create a multiple-choice question about Recursive Functions and sub-problems.<|end|>
<|assistant|>
Question: In a recursive function, what is the role of each recursive call?
0) To repeat the entire program
1) To create an infinite loop
2) To solve a smaller, simpler version of the original problem
3) To declare new global variables
4) To print the final answer immediately
Correct Answer: 2
Explanation: Each recursive call tackles a sub-problem that is closer to the base case, gradually reducing the original problem until it becomes trivial to solve, as expected in the BNCC algorithmic-thinking progression for 9th grade.<|end|>",NO_VERDICT,,,NO_VERDICT,,,GOOD,The question targets the core concept of recursion and the options include plausible distractors.,Clear recursion concept
LLM (Kimi-K2),few-shot,"<|system|>
You are a Computer Science Professor for 9th-grade students following the Brazilian BNCC curriculum.<|end|>
<|user|>
Create a question about recursive functions and sub-problems.<|end|>
<|assistant|>
Question: When a recursive function splits a problem into smaller parts, what do we call each of these smaller parts?
0) Infinite loops
1) Sub-problems
2) Base cases
3) Memory leaks
4) Syntax errors
Correct Answer: 1
Explanation: Each recursive call works on a sub-problem, a smaller version of the original problem, until the base case is reached.",NO_VERDICT,,,NO_VERDICT,,,GOOD,The question targets the core concept of recursion and the distractors are plausible. It aligns with BNCC’s 9th-grade expectation of understanding algorithmic decomposition.,"Recursion, decomposition, sub-problems"
LLM (Kimi-K2),few-shot,"<|system|>
You are a Computer Science Professor for 9th-grade students following the Brazilian BNCC curriculum.<|end|>
<|user|>
Create a multiple-choice question about Recursive Functions and sub-problems.<|end|>
<|assistant|>
Question: When a recursive function is called, how does it usually guarantee that the sub-problem is smaller than the original?
0) It adds extra parameters to the function call  
1) It always divides the input size by at least one  
2) It copies the whole input into a new array  
3) It skips the base-case check  
4) It uses a global counter instead of parameters  
Correct Answer: 1  
Explanation: Each recursive call must work on a strictly smaller sub-problem (often half, n-1, etc.). Dividing the input size ensures progress toward the base case and prevents infinite recursion, a key concept under BNCC’s “algorithmic decomposition” skill for 9th grade.",NO_VERDICT,,,NO_VERDICT,,,BAD,The wording “divides the input size by at least one” is mathematically wrong (division by 1 leaves size unchanged) and misleads students; it should say “reduces” or “strictly decreases”.,Wrong division wording
LLM (Kimi-K2),few-shot,"<|system|>
You are a Computer Science Professor for 9th-grade students following the Brazilian BNCC curriculum.<|end|>
<|user|>
Create about recursion.<|end|>
<|assistant|>
Question: When a recursive function is solving a problem, what does it do with the original problem?
0) Ignores it and creates a new one
1) Breaks it into smaller, similar sub-problems
2) Solves it all in one step
3) Deletes it and starts over
4) Copies it exactly without changes
Correct Answer: 1
Explanation: A recursive function works by dividing the original problem into smaller versions of itself (sub-problems) until reaching a base case. This divide-and-conquer approach is a fundamental concept in BNCC's algorithms and programming logic for 9th grade.",NO_VERDICT,,,NO_VERDICT,,,GOOD,"The item correctly targets the core idea of recursion—dividing the problem into smaller, similar sub-problems—and the distractors are plausible enough to assess genuine understanding.",Recursion decomposition concept
LLM (Kimi-K2),chain-of-thought,"<|system|>
You are a Computer Science Professor for 9th-grade students following the Brazilian BNCC curriculum.<|end|>
<|user|>
Create an MCQ about Asymmetric Encryption for 9th-grade BNCC EF09C005.<|end|>
<|assistant|>
Question: In an asymmetric encryption system, which key must NEVER be shared with anyone else?
0) The public key, because it is used only for decryption  
1) The private key, because it allows the holder to decrypt confidential messages  
2) The public key, because it can be used to impersonate the owner  
3) The private key, because it is only used for digital signatures on public documents  
4) Both keys, because they are identical and interchangeable  

Correct Answer: 1  
Explanation: In asymmetric encryption, each person keeps a private key secret and distributes the matching public key. If someone else obtains your private key, they can read all messages encrypted for you and forge your digital signature, destroying confidentiality and authenticity. BNCC EF09C05 expects students to understand this basic principle of modern cryptography.",NO_VERDICT,,,NO_VERDICT,,,GOOD,"The item correctly identifies the private key as the secret element in asymmetric cryptography and ties it to decrypting confidential messages, matching BNCC expectations.",Private key secrecy
LLM (Kimi-K2),chain-of-thought,"<|system|>
You are a Computer Science Professor for 9th-grade students following the Brazilian BNCC curriculum.<|end|>
<|user|>
Create an MCQ about the risks of sharing a private key in asymmetric encryption.<|end|>
<|assistant|>
Question: In an asymmetric encryption system, what is the main risk if a user accidentally shares their private key with strangers?

0) The encryption algorithm will become slower and consume more battery.
1) Strangers will be able to decrypt any message that was ever sent to the user.
2) The public key automatically changes and the user must buy a new certificate.
3) Only future messages will be unreadable, but past messages stay safe.
4) The key size shrinks, making encryption weaker but still usable.

Correct Answer: 1
Explanation: The private key is the secret piece in asymmetric encryption; whoever has it can decrypt every message that was encrypted with the matching public key, no matter when that message was sent. Sharing it therefore breaks confidentiality for all past and future communications, which is why the BNCC EF09C05 objective stresses the importance of keeping the private key secret.",NO_VERDICT,,,NO_VERDICT,,,GOOD,"The item clearly targets BNCC’s security concept; distractors are tech-plausible yet incorrect, and the key distinction between private-key compromise and public-key safety is correctly assessed.",Private-key compromise consequence
LLM (Kimi-K2),chain-of-thought,"<|system|>
You are a Computer Science Professor for 9th-grade students following the Brazilian BNCC curriculum.<|end|>
<|user|>
Create an MCQ about Asymmetric Encryption keys (BNCC EF09C005).<|end|>
<|assistant|>
Question: In an asymmetric encryption system, which key must remain secret to keep the encrypted data safe?
0) The public key, because it encrypts the data  
1) The private key, because it decrypts the data  
2) Both keys, because they are mathematically identical  
3) Neither key, because the algorithm is secret  
4) Only the sender’s public key, because it signs the message  

Correct Answer: 1  
Explanation: In asymmetric encryption (BNCC EF09C005), the private key must stay secret. If someone else obtains it, they can decrypt every message meant for you and forge digital signatures in your name. The public key can be shared freely because it only encrypts or verifies signatures, while the private key performs the sensitive operations of decrypting and signing.",NO_VERDICT,,,NO_VERDICT,,,GOOD,The item directly tests BNCC’s expectation to distinguish public/private roles in asymmetric cryptography. Distractors target typical misconceptions without ambiguity.,Private key secrecy
LLM (Kimi-K2),chain-of-thought,"<|system|>
You are a Computer Science Professor for 9th-grade students following the Brazilian BNCC curriculum.<|end|>
<|user|>
Create an MCQ about Asymmetric Encryption keys (BNCC EF09C005).<|end|>
<|assistant|>
Question: In an asymmetric encryption system, which key must be kept secret to ensure the security of the encrypted data?
0) The public key, because it encrypts the data.  
1) The private key, because it decrypts the data.  
2) Both keys, because they are mathematically related.  
3) Neither key, because the algorithm is secret.  
4) The session key, because it replaces the private key.  

Correct Answer: 1  
Explanation: In asymmetric encryption, the private key must remain secret; whoever possesses it can decrypt all messages intended for the owner. Sharing it would allow anyone to read confidential data, violating the BNCC EF09C05 objective of understanding secure communication principles.",NO_VERDICT,,,NO_VERDICT,,,GOOD,The item correctly targets the essential BNCC concept that the private key must remain secret for asymmetric encryption security. The distractors are plausible and the language is grade-appropriate.,Private key secrecy
LLM (Kimi-K2),chain-of-thought,"<|system|>
You are a Computer Science Professor for 9th-grade students following the Brazilian BNCC curriculum.<|end|>
<|user|>
[Question Prompt]<|end|>
<|assistant|>
Question: In an asymmetric encryption system, Alice keeps one key strictly to herself and places the matching key on a public web server so anyone can download it. Which of the following best describes what happens if Alice accidentally uploads the key that must stay secret?

0) Everyone can now decrypt messages that were encrypted for Alice, and Alice alone can no longer prove her identity by creating digital signatures.
1) Only Alice’s closest friends will be able to read her encrypted files, because the uploaded key is still protected by a password.
2) Nothing dangerous happens; the system automatically generates a new secret key as soon as the old one is exposed.
3) The public key becomes useless, but the secret key remains safe because it is stored in a different folder.
4) Anyone can now send Alice an encrypted message that only she can open, making communication faster.

Correct Answer: 0
Explanation: In asymmetric encryption (BNCC EF09C05) there are two mathematically related keys: a public key that can be shared with the world and a private key that must never leave its owner. If the private key is revealed, two critical security services are lost: (1) Confidentiality – any ciphertext that was created with the public key can now be decrypted with the leaked private key, so past and future messages meant for Alice are no longer secret. (2) Authenticity/Non-repudiation – Alice can no longer prove she is the only one who could have created her digital signatures, because everyone else possesses the same private key. Therefore the correct choice is 0.",NO_VERDICT,,,NO_VERDICT,,,GOOD,The item correctly tests understanding of asymmetric-key compromise: disclosure of the private key lets anyone decrypt traffic meant for Alice and forge her digital signatures. Distractors are plausible misconceptions for 9th-graders.,Private-key compromise consequences
LLM (Kimi-K2),exemplar-guided,"<|system|>
You are a Computer Science Professor for 9th-grade students following the Brazilian BNCC curriculum.<|end|>
<|user|>
[Question Prompt]<|end|>
<|assistant|>
Question: A data packet is like a letter cut into pieces. When these pieces travel separately through the Internet and reach the destination, what must happen next?
0) Each piece is delivered to a different computer
1) The pieces are automatically deleted to save space
2) The pieces are reassembled into the original letter
3) The pieces are sent back to the sender
4) The pieces are converted into radio waves
Correct Answer: 2
Explanation: According to BNCC EF69C007, in packet switching networks, data is divided into small packets that travel independently through the network. At the destination device, these packets must be reassembled in the correct order to reconstruct the original message, ensuring complete and accurate data delivery.<|end|>",NO_VERDICT,,,NO_VERDICT,,,GOOD,"The analogy is age-appropriate and directly maps to packet reassembly, a core Internet concept. The distractors are plausible enough to probe understanding without being tricky.",Clear packet-reassembly analogy
LLM (Kimi-K2),exemplar-guided,"<|system|>
You are a Computer Science Professor for 9th-grade students following the Brazilian BNCC curriculum.<|end|>
<|user|>
[Question Prompt]<|end|>
<|assistant|>
Question: A data packet is like a letter cut into pieces. When these pieces travel separately across the Internet and arrive at the destination, what must be done so the “letter” makes sense again?
0) They are thrown away and the sender must mail a new letter.  
1) They are automatically reassembled in the correct order.  
2) They are kept as separate pieces forever.  
3) The destination device requests the pieces one more time.  
4) The destination device only reads the first piece and ignores the rest.  

Correct Answer: 1  
Explanation: According to BNCC EF69C07, packet switching splits the message into small blocks (packets) that can travel by different routes. Each packet carries sequencing information; once they all arrive, the destination device uses this data to reassemble them in order, recreating the original message exactly as it was sent.",NO_VERDICT,,,NO_VERDICT,,,GOOD,The analogy is age-appropriate and the distractors are plausible; option 1 correctly states packets are reassembled in order.,"Clear analogy, correct reassembly"
LLM (Kimi-K2),exemplar-guided,"<|system|>
You are a Computer Science Professor for 9th-grade students following the Brazilian BNCC curriculum.<|end|>
<|user|>
[Question Prompt]<|end|>
<|assistant|>
Question: A data packet is like a letter cut into pieces. During packet switching, what ensures these pieces are correctly reassembled at the destination?
0) The color of the envelope
1) Sequence numbers added to each packet
2) The size of each piece
3) The sender’s signature
4) The time of day it was sent
Correct Answer: 1
Explanation: According to BNCC EF69C007, each packet carries sequence numbers so the destination device can reassemble the original message in the right order, just like numbered puzzle pieces.",NO_VERDICT,,,NO_VERDICT,,,GOOD,The analogy is age-appropriate and the distractors are plausible; sequence numbers are the actual mechanism for reassembly.,"Age-appropriate, clear, correct."
LLM (Kimi-K2),exemplar-guided,"<|system|>
You are a Computer Science Professor for 9th-grade students following the Brazilian BNCC curriculum.<|end|>
<|user|>
[Question Prompt]<|end|>
<|assistant|>
Question: A data packet is like a letter cut into pieces. When these pieces travel separately across the Internet and arrive at your computer, what must happen next so you can read the “letter”?
0) Each piece is forwarded to a different destination address.
1) The pieces are automatically deleted to save space.
2) The pieces are reassembled in the correct order to rebuild the original message.
3) The pieces are converted into radio waves and broadcast locally.
4) The pieces are compressed into a single smaller file.

Correct Answer: 2
Explanation: According to BNCC EF69C007, in packet switching the original message is split into multiple packets that may take different routes. Once all packets reach the destination, the receiving device uses sequence numbers stored in each packet’s header to reassemble them in the right order, reconstructing the complete message for the user—just like putting the pieces of a torn letter back together.<|end|>",NO_VERDICT,,,NO_VERDICT,,,GOOD,"The analogy is age-appropriate and the distractors are plausible, clearly testing understanding of packet reassembly.","Clear analogy, correct order"
LLM (Kimi-K2),exemplar-guided,"<|system|>
You are a Computer Science Professor for 9th-grade students following the Brazilian BNCC curriculum.<|end|>
<|user|>
[Question Prompt]<|end|>
<|assistant|>
Question: A data packet is like a letter cut into pieces. During packet switching, what must happen to these “pieces” so the destination computer can read the original message?
0) They are thrown away after the first piece arrives  
1) They are reassembled in the correct order  
2) They are duplicated and sent back to the sender  
3) They are compressed into one smaller piece  
4) They are encrypted again with a new password  

Correct Answer: 1  
Explanation: According to BNCC skill EF69C007, in packet-switching networks each packet may travel a different path. The destination device must reassemble all pieces (packets) in the exact original sequence so the complete message can be reconstructed and understood, just like putting the cut-up letter back together before reading it.",NO_VERDICT,,,NO_VERDICT,,,GOOD,The analogy is age-appropriate and directly maps to the BNCC 9th-grade expectation of understanding packet switching; only option 1 aligns with the standard concept of reassembly.,"Clear analogy, correct concept"
LLM (Kimi-K2),template-based,"<|system|>
You are a Computer Science Professor for 9th-grade students following the Brazilian BNCC curriculum.<|end|>
<|user|>
Create a multiple-choice question about transparency and algorithmic bias in AI Ethics for 9th-grade students.<|end|>
<|assistant|>
Question: A bank uses an AI system to decide who gets a loan. If the system is a “black box,” what is the MAIN ethical problem for customers?
0) The AI is too slow to approve loans.
1) Customers cannot see how the AI decides, so hidden bias may unfairly reject some groups.
2) The AI needs more data storage space.
3) The bank saves too much electricity.
4) The AI must be replaced every year.

Correct Answer: 1
Explanation: BNCC EF09C07 expects students to evaluate digital technologies’ social impacts. An AI whose decision rules are hidden (“black box”) prevents auditing; this can conceal algorithmic bias that systematically disadvantages certain genders, races, or communities. Making the AI auditable—opening its model and data to inspection—allows developers to detect and correct unfair patterns, ensuring transparency and justice in automated decisions.",NO_VERDICT,,,NO_VERDICT,,,GOOD,"It targets BNCC’s “implications of AI” focus on transparency and bias; distractors are weak, making the key concept stand out.","Transparency, bias, ethics"
LLM (Kimi-K2),template-based,"<|system|>
You are a Computer Science Professor for 9th-grade students following the Brazilian BNCC curriculum.<|end|>
<|user|>
Create a multiple-choice question about AI Ethics focusing on transparency and algorithmic bias.<|end|>
<|assistant|>
Question: A bank uses an AI system to decide who gets a loan. Some customers complain they were rejected without knowing why. Which action BEST shows the bank is following ethical AI transparency rules?
0) Keep the algorithm secret so competitors cannot copy it  
1) Let auditors inspect the code and data to find hidden bias  
2) Only tell rejected customers “the system decided”  
3) Change the algorithm every week to stay ahead  
4) Ask customers to trust the bank without explanations  

Correct Answer: 1  
Explanation: According to BNCC EF09C007, AI systems that affect people’s lives must be auditable—outside experts must be able to examine the code and training data to detect unfair patterns (algorithmic bias). Transparency means the bank can keep private details private, but still allow controlled inspections that prove the system is fair and explainable, protecting citizens’ rights.",NO_VERDICT,,,NO_VERDICT,,,GOOD,"The item directly addresses BNCC’s emphasis on ethics, transparency, and bias mitigation in AI systems. It is clear, age-appropriate, and has one best answer.","Ethics, transparency, bias"
LLM (Kimi-K2),template-based,"<|system|>
You are a Computer Science Professor for 9th-grade students following the Brazilian BNCC curriculum.<|end|>
<|user|>
Generate a multiple-choice question about AI Ethics focusing on transparency and algorithmic bias.<|end|>
<|assistant|>
Question: A bank uses an AI system to decide who gets a loan. The system keeps its decision rules secret and sometimes refuses credit to worthy customers. Which action BEST follows AI-ethics principles of transparency and fairness?
0) Accept the refusals, since the AI is always correct.
1) Let the bank keep the rules secret to protect business secrets.
2) Demand an external audit so independent experts can inspect the code/data for hidden bias.
3) Delete the AI and return to only human decisions.
4) Ask customers to trust the AI without showing how it works.

Correct Answer: 2
Explanation: BNCC EF09C07 expects students to understand that AI must be auditable—i.e., its data and algorithms must be inspectable—so hidden biases can be found and corrected, ensuring fair and transparent decisions for everyone.<|end|>",NO_VERDICT,,,NO_VERDICT,,,GOOD,It directly tests BNCC’s ethics & transparency requirement with a real-world scenario and one clearly best answer.,"Real-world, ethics, transparency, fairness"
LLM (Kimi-K2),template-based,"<|system|>
You are a Computer Science Professor for 9th-grade students following the Brazilian BNCC curriculum.<|end|>
<|user|>
Create a multiple-choice question about AI Ethics focusing on transparency and algorithmic bias.<|end|>
<|assistant|>
Question: Why is it important that AI systems used in schools, like automatic grading tools, be transparent and auditable?
0) To keep the code secret from competitors
1) To allow teachers and inspectors to check if the system treats all students fairly and without hidden bias
2) To make the software run faster
3) To reduce the price of the program
4) To avoid using any data at all
Correct Answer: 1
Explanation: According to BNCC EF09C007, students must understand that digital technologies have social impacts. Transparent and auditable AI lets us inspect the algorithms and training data, revealing possible biases (e.g., grading differently by gender or race). Only option 1 links transparency to fairness and bias detection, which is essential for ethical AI in education.<|end|>",NO_VERDICT,,,NO_VERDICT,,,GOOD,"The item directly addresses BNCC’s emphasis on ethics, bias awareness, and transparency in AI systems. The distractors are clearly weaker, making the correct choice stand out.","Ethics, transparency, bias"
LLM (Kimi-K2),template-based,"<|system|>
You are a Computer Science Professor for 9th-grade students following the Brazilian BNCC curriculum.<|end|>
<|user|>
Generate a multiple-choice question about transparency and algorithmic bias in AI systems.<|end|>
<|assistant|>
Question: Why is it important for AI systems to be auditable and transparent when making decisions that affect people?
0) To make the code run faster and use less memory
1) So companies can hide their proprietary algorithms from competitors
2) To allow independent checks that uncover hidden biases and ensure fair treatment
3) Because transparent systems always achieve 100% accuracy
4) To reduce electricity consumption in data centers

Correct Answer: 2
Explanation: Auditable AI (BNCC EF09C007) means we can open the ""black box"" and trace how decisions are made. When we inspect the training data, model weights and decision rules we can detect if the system learned biased patterns (e.g., rejecting loan applications from certain zip-codes). Transparency allows regulators, journalists and affected citizens to verify that the algorithm treats everyone fairly and to demand fixes when it doesn't, protecting human rights and democratic values.<|end|>",NO_VERDICT,,,NO_VERDICT,,,GOOD,The question targets BNCC’s ethics & transparency theme; option 2 is the only one that correctly links auditability to fairness and bias detection.,"Ethics, transparency, bias"
